X;Y
0;0
0;0
0;0
0;0
0;0
0;0
0;0
0;0
0;0
0;0
0;0
0;0
0;0
0;0
0;0
0;0
0;0
0;0
0;0
0;0
0;0
0;0
0;0
0;0
0;0
0;0
0;0
0;0
0;0
0;0
0;0
0;0
0;0
0;0
0;0
0;0
0;0
0;0
0;0
0;0
0;0
0;0
0;0
0;0
0;0
0;0
0;0
0;0
0;0
0;0
0;0
0;0
0;0
0;0
0;0
0;0
0;0
0;0
0;0
0;0
0;0
0;0
0;0
0;0
0;0
0;0
0;0
0;0
0;0
0;0
0;0
0;0
0;0
0;0
0;0
0;0
0;0
0;0
0;0
0;0
0;0
0;0
0;0
0;0
0;0
0;0
0;0
0;0
0;0
0;0
0;0
0;0
0;0
0;0
0;0
0;0
0;0
0;0
0;0
0;0
0;0
0;0
0;0
0;0
0;0
0;0
0;0
0;0
0;0
0;0
0;0
0;0
0;0
0;0
0;0
0;0
0;0
0;0
0,008657521;0,04217615
0,008657521;0,04217615
0,008657521;0,04217615
0,008657521;0,04217615
0,008657521;0,04217615
0,008657521;0,04217615
0,01760927;0,08429083
0,01760927;0,08429083
0,01760927;0,08429083
0,01760927;0,08429083
0,01760927;0,08429083
0,02670798;0,126374
0,02670798;0,126374
0,02670798;0,126374
0,02670798;0,126374
0,03610025;0,1683927
0,03610025;0,1683927
0,03610025;0,1683927
0,03610025;0,1683927
0,04563915;0,2103783
0,04563915;0,2103783
0,04563915;0,2103783
0,04563915;0,2103783
0,04563915;0,2103783
0,01337249;0,2620157
0,01337249;0,2620157
0,01337249;0,2620157
0,01337249;0,2620157
0,01337249;0,2620157
-0,0285455;0,2718475
-0,0285455;0,2718475
-0,0285455;0,2718475
-0,0285455;0,2718475
-0,0285455;0,2718475
-0,06997433;0,2835707
-0,06997433;0,2835707
-0,06997433;0,2835707
-0,06997433;0,2835707
-0,06997433;0,2835707
-0,1104845;0,2981552
-0,1104845;0,2981552
-0,1104845;0,2981552
-0,1104845;0,2981552
-0,1104845;0,2981552
-0,1503484;0,3144234
-0,1503484;0,3144234
-0,1503484;0,3144234
-0,1503484;0,3144234
-0,1503484;0,3144234
-0,2072697;0,292801
-0,2072697;0,292801
-0,2072697;0,292801
-0,2072697;0,292801
-0,2072697;0,292801
-0,2644143;0,2717758
-0,2644143;0,2717758
-0,2644143;0,2717758
-0,2644143;0,2717758
-0,2644143;0,2717758
-0,2840949;0,2334815
-0,2840949;0,2334815
-0,2840949;0,2334815
-0,2840949;0,2334815
-0,2840949;0,2334815
-0,3041754;0,1953954
-0,3041754;0,1953954
-0,3041754;0,1953954
-0,3041754;0,1953954
-0,3041754;0,1953954
-0,3260925;0,1583357
-0,3260925;0,1583357
-0,3260925;0,1583357
-0,3260925;0,1583357
-0,3260925;0,1583357
-0,3481388;0,1213527
-0,3481388;0,1213527
-0,3481388;0,1213527
-0,3481388;0,1213527
-0,3481388;0,1213527
-0,3703141;0,08444686
-0,3703141;0,08444686
-0,3703141;0,08444686
-0,3924893;0,04754105
-0,3924893;0,04754105
-0,3924893;0,04754105
-0,3924893;0,04754105
-0,3924893;0,04754105
-0,4146646;0,01063524
-0,4146646;0,01063524
-0,4146646;0,01063524
-0,4146646;0,01063524
-0,4146646;0,01063524
-0,4146646;0,01063524
-0,4368398;-0,02627057
-0,4368398;-0,02627057
-0,4368398;-0,02627057
-0,4368398;-0,02627057
-0,4590151;-0,06317638
-0,4590151;-0,06317638
-0,4590151;-0,06317638
-0,4590151;-0,06317638
-0,4814475;-0,09992649
-0,4814475;-0,09992649
-0,4814475;-0,09992649
-0,5406795;-0,1140376
-0,5406795;-0,1140376
-0,5406795;-0,1140376
-0,5406795;-0,1140376
-0,5406795;-0,1140376
-0,5999116;-0,1281486
-0,5999116;-0,1281486
-0,5999116;-0,1281486
-0,659801;-0,1391404
-0,659801;-0,1391404
-0,659801;-0,1391404
-0,659801;-0,1391404
-0,659801;-0,1391404
-0,7200061;-0,1482456
-0,7200061;-0,1482456
-0,7200061;-0,1482456
-0,7200061;-0,1482456
-0,7534665;-0,1211498
-0,7534665;-0,1211498
-0,7534665;-0,1211498
-0,7861574;-0,09313039
-0,7861574;-0,09313039
-0,7861574;-0,09313039
-0,7861574;-0,09313039
-0,7861574;-0,09313039
-0,8144044;-0,06063596
-0,8144044;-0,06063596
-0,8144044;-0,06063596
-0,8397118;-0,02580329
-0,8397118;-0,02580329
-0,8397118;-0,02580329
-0,8397118;-0,02580329
-0,8397118;-0,02580329
-0,8644074;0,009465753
-0,8644074;0,009465753
-0,8644074;0,009465753
-0,8644074;0,009465753
-0,8884838;0,04516042
-0,8884838;0,04516042
-0,8884838;0,04516042
-0,8884838;0,04516042
-0,8884838;0,04516042
-0,9116808;0,08143268
-0,9116808;0,08143268
-0,9116808;0,08143268
-0,9339848;0,1182609
-0,9339848;0,1182609
-0,9339848;0,1182609
-0,9339848;0,1182609
-0,9339848;0,1182609
-0,95616;0,1551667
-0,95616;0,1551667
-0,95616;0,1551667
-0,9776878;0,1924539
-0,9776878;0,1924539
-0,9776878;0,1924539
-0,9776878;0,1924539
-0,9776878;0,1924539
-0,9989547;0,2298905
-0,9989547;0,2298905
-0,9989547;0,2298905
-0,9989547;0,2298905
-1,01996;0,2674746
-1,01996;0,2674746
-1,01996;0,2674746
-1,01996;0,2674746
-1,040702;0,3052045
-1,040702;0,3052045
-1,040702;0,3052045
-1,040702;0,3052045
-1,061444;0,3429344
-1,061444;0,3429344
-1,061444;0,3429344
-1,061444;0,3429344
-1,061444;0,3429344
-1,082186;0,3806643
-1,082186;0,3806643
-1,082186;0,3806643
-1,102929;0,4183942
-1,102929;0,4183942
-1,102929;0,4183942
-1,102929;0,4183942
-1,123671;0,4561241
-1,123671;0,4561241
-1,123671;0,4561241
-1,123671;0,4561241
-1,144413;0,4938539
-1,144413;0,4938539
-1,144413;0,4938539
-1,144413;0,4938539
-1,165023;0,531656
-1,165023;0,531656
-1,165023;0,531656
-1,165023;0,531656
-1,165023;0,531656
-1,185634;0,569458
-1,185634;0,569458
-1,185634;0,569458
-1,206244;0,60726
-1,206244;0,60726
-1,206244;0,60726
-1,206244;0,60726
-1,226854;0,6450621
-1,226854;0,6450621
-1,226854;0,6450621
-1,226854;0,6450621
-1,247332;0,6829358
-1,247332;0,6829358
-1,247332;0,6829358
-1,247332;0,6829358
-1,305042;0,7023572
-1,305042;0,7023572
-1,305042;0,7023572
-1,305042;0,7023572
-1,305042;0,7023572
-1,343871;0,6837535
-1,343871;0,6837535
-1,343871;0,6837535
-1,384819;0,6704486
-1,384819;0,6704486
-1,384819;0,6704486
-1,384819;0,6704486
-1,426165;0,6584365
-1,426165;0,6584365
-1,426165;0,6584365
-1,426165;0,6584365
-1,467868;0,647729
-1,467868;0,647729
-1,467868;0,647729
-1,467868;0,647729
-1,509982;0,6387773
-1,509982;0,6387773
-1,509982;0,6387773
-1,509982;0,6387773
-1,509982;0,6387773
-1,552435;0,6315969
-1,552435;0,6315969
-1,552435;0,6315969
-1,600417;0,6690844
-1,600417;0,6690844
-1,600417;0,6690844
-1,600417;0,6690844
-1,600417;0,6690844
-1,605664;0,7118191
-1,605664;0,7118191
-1,605664;0,7118191
-1,610613;0,7545893
-1,610613;0,7545893
-1,610613;0,7545893
-1,610613;0,7545893
-1,615561;0,7973595
-1,615561;0,7973595
-1,615561;0,7973595
-1,615561;0,7973595
-1,615561;0,7973595
-1,619763;0,8402095
-1,619763;0,8402095
-1,619763;0,8402095
-1,619763;0,8402095
-1,619763;0,8402095
-1,623515;0,8831013
-1,623515;0,8831013
-1,623515;0,8831013
-1,626518;0,926052
-1,626518;0,926052
-1,626518;0,926052
-1,626518;0,926052
-1,626518;0,926052
-1,629222;0,9690226
-1,629222;0,9690226
-1,629222;0,9690226
-1,629222;0,9690226
-1,631625;1,012011
-1,631625;1,012011
-1,631625;1,012011
-1,631625;1,012011
-1,633728;1,055015
-1,633728;1,055015
-1,633728;1,055015
-1,633728;1,055015
-1,635531;1,098033
-1,635531;1,098033
-1,635531;1,098033
-1,637334;1,141051
-1,637334;1,141051
-1,637334;1,141051
-1,637334;1,141051
-1,639137;1,184068
-1,639137;1,184068
-1,639137;1,184068
-1,64094;1,227086
-1,64094;1,227086
-1,64094;1,227086
-1,64094;1,227086
-1,64094;1,227086
-1,642743;1,270104
-1,642743;1,270104
-1,642743;1,270104
-1,644546;1,313122
-1,644546;1,313122
-1,644546;1,313122
-1,644546;1,313122
-1,646349;1,356139
-1,646349;1,356139
-1,646349;1,356139
-1,648152;1,399157
-1,648152;1,399157
-1,648152;1,399157
-1,649805;1,442181
-1,649805;1,442181
-1,649805;1,442181
-1,649805;1,442181
-1,651007;1,48522
-1,651007;1,48522
-1,651007;1,48522
-1,651908;1,528266
-1,651908;1,528266
-1,651908;1,528266
-1,609003;1,571471
-1,609003;1,571471
-1,609003;1,571471
-1,609003;1,571471
-1,609003;1,571471
-1,565948;1,571622
-1,565948;1,571622
-1,565948;1,571622
-1,522894;1,571321
-1,522894;1,571321
-1,522894;1,571321
-1,522894;1,571321
-1,479845;1,57057
-1,479845;1,57057
-1,479845;1,57057
-1,436796;1,569818
-1,436796;1,569818
-1,436796;1,569818
-1,436796;1,569818
-1,39375;1,568916
-1,39375;1,568916
-1,39375;1,568916
-1,351605;1,524969
-1,351605;1,524969
-1,351605;1,524969
-1,351605;1,524969
-1,351605;1,524969
-1,352507;1,481923
-1,352507;1,481923
-1,352507;1,481923
-1,353409;1,438876
-1,353409;1,438876
-1,353409;1,438876
-1,353409;1,438876
-1,35431;1,39583
-1,35431;1,39583
-1,35431;1,39583
-1,355212;1,352784
-1,355212;1,352784
-1,355212;1,352784
-1,355212;1,352784
-1,355663;1,309731
-1,355663;1,309731
-1,355663;1,309731
-1,355663;1,309731
-1,354761;1,266685
-1,354761;1,266685
-1,354761;1,266685
-1,352358;1,223696
-1,352358;1,223696
-1,352358;1,223696
-1,352358;1,223696
-1,349204;1,180757
-1,349204;1,180757
-1,349204;1,180757
-1,349204;1,180757
-1,345152;1,137892
-1,345152;1,137892
-1,345152;1,137892
-1,345152;1,137892
-1,33916;1,095256
-1,33916;1,095256
-1,33916;1,095256
-1,33916;1,095256
-1,33916;1,095256
-1,332128;1,052778
-1,332128;1,052778
-1,332128;1,052778
-1,332128;1,052778
-1,324356;1,01043
-1,324356;1,01043
-1,324356;1,01043
-1,316436;0,9681091
-1,316436;0,9681091
-1,316436;0,9681091
-1,316436;0,9681091
-1,316436;0,9681091
-1,308368;0,9258162
-1,308368;0,9258162
-1,308368;0,9258162
-1,308368;0,9258162
-1,3003;0,8835233
-1,3003;0,8835233
-1,3003;0,8835233
-1,3003;0,8835233
-1,29179;0,8413172
-1,29179;0,8413172
-1,29179;0,8413172
-1,29179;0,8413172
-1,28328;0,7991111
-1,28328;0,7991111
-1,28328;0,7991111
-1,274769;0,756905
-1,274769;0,756905
-1,274769;0,756905
-1,274769;0,756905
-1,274769;0,756905
-1,266259;0,7146989
-1,266259;0,7146989
-1,266259;0,7146989
-1,257749;0,6724927
-1,257749;0,6724927
-1,257749;0,6724927
-1,257749;0,6724927
-1,257749;0,6724927
-1,249239;0,6302866
-1,249239;0,6302866
-1,249239;0,6302866
-1,249239;0,6302866
-1,240728;0,5880805
-1,240728;0,5880805
-1,240728;0,5880805
-1,240728;0,5880805
-1,240728;0,5880805
-1,232218;0,5458744
-1,232218;0,5458744
-1,232218;0,5458744
-1,223708;0,5036683
-1,223708;0,5036683
-1,223708;0,5036683
-1,223708;0,5036683
-1,223708;0,5036683
-1,214903;0,4615226
-1,214903;0,4615226
-1,214903;0,4615226
-1,204779;0,4196743
-1,204779;0,4196743
-1,204779;0,4196743
-1,204779;0,4196743
-1,204779;0,4196743
-1,193346;0,3781646
-1,193346;0,3781646
-1,193346;0,3781646
-1,193346;0,3781646
-1,179898;0,3372631
-1,179898;0,3372631
-1,179898;0,3372631
-1,179898;0,3372631
-1,165172;0,2968041
-1,165172;0,2968041
-1,165172;0,2968041
-1,165172;0,2968041
-1,149183;0,2568276
-1,149183;0,2568276
-1,149183;0,2568276
-1,149183;0,2568276
-1,149183;0,2568276
-1,129636;0,2184648
-1,129636;0,2184648
-1,129636;0,2184648
-1,129636;0,2184648
-1,129636;0,2184648
-1,108238;0,1811027
-1,108238;0,1811027
-1,108238;0,1811027
-1,108238;0,1811027
-1,086841;0,1437406
-1,086841;0,1437406
-1,086841;0,1437406
-1,086841;0,1437406
-1,065313;0,1064534
-1,065313;0,1064534
-1,065313;0,1064534
-1,065313;0,1064534
-1,043267;0,06947036
-1,043267;0,06947036
-1,043267;0,06947036
-1,043267;0,06947036
-1,020196;0,03311736
-1,020196;0,03311736
-1,020196;0,03311736
-1,020196;0,03311736
-0,9959955;-0,002493054
-0,9959955;-0,002493054
-0,9959955;-0,002493054
-0,9959955;-0,002493054
-0,9959955;-0,002493054
-0,9700841;-0,03687875
-0,9700841;-0,03687875
-0,9700841;-0,03687875
-0,9419507;-0,0694716
-0,9419507;-0,0694716
-0,9419507;-0,0694716
-0,9419507;-0,0694716
-0,9419507;-0,0694716
-0,8810624;-0,06989669
-0,8810624;-0,06989669
-0,8810624;-0,06989669
-0,8810624;-0,06989669
-0,820173;-0,06968416
-0,820173;-0,06968416
-0,820173;-0,06968416
-0,820173;-0,06968416
-0,820173;-0,06968416
-0,7595339;-0,06416557
-0,7595339;-0,06416557
-0,7595339;-0,06416557
-0,6992075;-0,05590189
-0,6992075;-0,05590189
-0,6992075;-0,05590189
-0,6992075;-0,05590189
-0,6992075;-0,05590189
-0,6391704;-0,0457474
-0,6391704;-0,0457474
-0,6391704;-0,0457474
-0,6391704;-0,0457474
-0,6391704;-0,0457474
-0,5794403;-0,03392053
-0,5794403;-0,03392053
-0,5794403;-0,03392053
-0,5202082;-0,01980947
-0,5202082;-0,01980947
-0,5202082;-0,01980947
-0,5202082;-0,01980947
-0,5202082;-0,01980947
-0,4619173;-0,002210414
-0,4619173;-0,002210414
-0,4619173;-0,002210414
-0,4619173;-0,002210414
-0,4048464;0,01901404
-0,4048464;0,01901404
-0,4048464;0,01901404
-0,4048464;0,01901404
-0,3487971;0,04280555
-0,3487971;0,04280555
-0,3487971;0,04280555
-0,3487971;0,04280555
-0,2934339;0,06815277
-0,2934339;0,06815277
-0,2934339;0,06815277
-0,2934339;0,06815277
-0,2934339;0,06815277
-0,2385216;0,09446235
-0,2385216;0,09446235
-0,2385216;0,09446235
-0,2385216;0,09446235
-0,2385216;0,09446235
-0,1844627;0,1224838
-0,1844627;0,1224838
-0,1844627;0,1224838
-0,1308004;0,1512573
-0,1308004;0,1512573
-0,1308004;0,1512573
-0,1308004;0,1512573
-0,1308004;0,1512573
-0,0773402;0,1804047
-0,0773402;0,1804047
-0,0773402;0,1804047
-0,0773402;0,1804047
-0,0773402;0,1804047
-0,02388003;0,2095521
-0,02388003;0,2095521
-0,02388003;0,2095521
-0,02388003;0,2095521
-0,02388003;0,2095521
0,02947806;0,2388859
0,02947806;0,2388859
0,02947806;0,2388859
0,02947806;0,2388859
0,08283615;0,2682198
0,08283615;0,2682198
0,08283615;0,2682198
0,08283615;0,2682198
0,1357795;0,2982958
0,1357795;0,2982958
0,1357795;0,2982958
0,1357795;0,2982958
0,1357795;0,2982958
0,188405;0,3289245
0,188405;0,3289245
0,188405;0,3289245
0,188405;0,3289245
0,188405;0,3289245
0,188405;0,3289245
0,2404879;0,360467
0,2404879;0,360467
0,2404879;0,360467
0,2404879;0,360467
0,2920124;0,3929137
0,2920124;0,3929137
0,2920124;0,3929137
0,2920124;0,3929137
0,2920124;0,3929137
0,3424923;0,4269628
0,3424923;0,4269628
0,3424923;0,4269628
0,3424923;0,4269628
0,3424923;0,4269628
0,3424923;0,4269628
0,3849196;0,4196343
0,3849196;0,4196343
0,3849196;0,4196343
0,3849196;0,4196343
0,3849196;0,4196343
0,427397;0,4126022
0,427397;0,4126022
0,427397;0,4126022
0,427397;0,4126022
0,4703476;0,4095988
0,4703476;0,4095988
0,4703476;0,4095988
0,4703476;0,4095988
0,4703476;0,4095988
0,5133715;0,407946
0,5133715;0,407946
0,5133715;0,407946
0,5133715;0,407946
0,5133715;0,407946
0,556426;0,4082466
0,556426;0,4082466
0,556426;0,4082466
0,556426;0,4082466
0,556426;0,4082466
0,556426;0,4082466
0,5990832;0,4140899
0,5990832;0,4140899
0,5990832;0,4140899
0,5990832;0,4140899
0,6402574;0,4266781
0,6402574;0,4266781
0,6402574;0,4266781
0,6402574;0,4266781
0,6806126;0,4416861
0,6806126;0,4416861
0,6806126;0,4416861
0,6806126;0,4416861
0,6806126;0,4416861
0,7208084;0,4571158
0,7208084;0,4571158
0,7208084;0,4571158
0,7208084;0,4571158
0,7208084;0,4571158
0,7607849;0,4731053
0,7607849;0,4731053
0,7607849;0,4731053
0,7607849;0,4731053
0,7607849;0,4731053
0,7998698;0,491165
0,7998698;0,491165
0,7998698;0,491165
0,7998698;0,491165
0,8379559;0,5112455
0,8379559;0,5112455
0,8379559;0,5112455
0,8379559;0,5112455
0,8743089;0,5343158
0,8743089;0,5343158
0,8743089;0,5343158
0,8743089;0,5343158
0,9099193;0,5585166
0,9099193;0,5585166
0,9099193;0,5585166
0,9099193;0,5585166
0,944752;0,583824
0,944752;0,583824
0,944752;0,583824
0,944752;0,583824
0,944752;0,583824
0,9789559;0,6099749
0,9789559;0,6099749
0,9789559;0,6099749
0,9789559;0,6099749
1,011842;0,6377655
1,011842;0,6377655
1,011842;0,6377655
1,011842;0,6377655
1,011842;0,6377655
1,044038;0,6663512
1,044038;0,6663512
1,044038;0,6663512
1,044038;0,6663512
1,074163;0,6971132
1,074163;0,6971132
1,074163;0,6971132
1,074163;0,6971132
1,101375;0,7304789
1,101375;0,7304789
1,101375;0,7304789
1,101375;0,7304789
1,122903;0,7677661
1,122903;0,7677661
1,122903;0,7677661
1,122903;0,7677661
1,141777;0,8064641
1,141777;0,8064641
1,141777;0,8064641
1,141777;0,8064641
1,141777;0,8064641
1,157067;0,8467135
1,157067;0,8467135
1,157067;0,8467135
1,157067;0,8467135
1,16821;0,888302
1,16821;0,888302
1,16821;0,888302
1,16821;0,888302
1,16821;0,888302
1,177162;0,9304167
1,177162;0,9304167
1,177162;0,9304167
1,177162;0,9304167
1,183749;0,9729654
1,183749;0,9729654
1,183749;0,9729654
1,183749;0,9729654
1,189145;1,015682
1,189145;1,015682
1,189145;1,015682
1,189145;1,015682
1,193047;1,05856
1,193047;1,05856
1,193047;1,05856
1,193047;1,05856
1,196051;1,101511
1,196051;1,101511
1,196051;1,101511
1,196051;1,101511
1,198154;1,144515
1,198154;1,144515
1,198154;1,144515
1,199957;1,187532
1,199957;1,187532
1,199957;1,187532
1,199957;1,187532
1,199957;1,187532
1,20176;1,23055
1,20176;1,23055
1,20176;1,23055
1,20176;1,23055
1,203563;1,273568
1,203563;1,273568
1,203563;1,273568
1,203563;1,273568
1,205366;1,316586
1,205366;1,316586
1,205366;1,316586
1,205366;1,316586
1,206869;1,359615
1,206869;1,359615
1,206869;1,359615
1,206869;1,359615
1,206869;1,359615
1,20777;1,402661
1,20777;1,402661
1,20777;1,402661
1,20777;1,402661
1,207921;1,445716
1,207921;1,445716
1,207921;1,445716
1,207921;1,445716
1,207921;1,488772
1,207921;1,488772
1,207921;1,488772
1,207921;1,488772
1,207921;1,488772
1,20777;1,531827
1,20777;1,531827
1,20777;1,531827
1,20777;1,531827
1,20762;1,574883
1,20762;1,574883
1,20762;1,574883
1,20762;1,574883
1,20762;1,574883
1,20762;1,574883
1,20762;1,574883
1,20762;1,574883
1,20762;1,574883
1,20762;1,574883
1,20762;1,574883
1,20762;1,574883
1,20762;1,574883
1,20762;1,574883
1,20762;1,574883
1,20762;1,574883
1,20762;1,574883
1,20762;1,574883
1,20762;1,574883
1,20762;1,574883
1,20762;1,574883
1,20762;1,574883
1,20762;1,574883
1,20762;1,574883
1,20762;1,574883
1,20762;1,574883
1,20762;1,574883
1,20762;1,574883
1,20762;1,574883
1,20762;1,574883
1,20762;1,574883
1,20762;1,574883
1,20762;1,574883
1,20762;1,574883
1,20762;1,574883
1,20762;1,574883
1,20762;1,574883
1,20762;1,574883
1,20762;1,574883
1,20762;1,574883
1,20762;1,574883
1,20762;1,574883
1,20762;1,574883
1,20762;1,574883
1,20762;1,574883
1,20762;1,574883
1,20762;1,574883
1,20762;1,574883
1,20762;1,574883
1,20762;1,574883
1,20762;1,574883
1,20762;1,574883
1,20762;1,574883
1,20762;1,574883
1,20762;1,574883
1,20762;1,574883
1,20762;1,574883
1,20762;1,574883
1,20762;1,574883
1,20762;1,574883
1,20762;1,574883
1,20762;1,574883
1,20762;1,574883
1,20762;1,574883
1,20762;1,574883
1,20762;1,574883
1,20762;1,574883
1,20762;1,574883
1,20762;1,574883
1,20762;1,574883
1,20762;1,574883
1,20762;1,574883
1,20762;1,574883
1,20762;1,574883
1,20762;1,574883
1,20762;1,574883
1,20762;1,574883
1,20762;1,574883
1,20762;1,574883
1,20762;1,574883
1,20762;1,574883
1,20762;1,574883
1,20762;1,574883
1,20762;1,574883
1,20762;1,574883
1,20762;1,574883
1,20762;1,574883
1,20762;1,574883
1,20762;1,574883
1,20762;1,574883
1,20762;1,574883
1,20762;1,574883
1,20762;1,574883
1,20762;1,574883
1,20762;1,574883
1,20762;1,574883
1,20762;1,574883
1,20762;1,574883
1,20762;1,574883
1,20762;1,574883
1,20762;1,574883
1,20762;1,574883
1,20762;1,574883
1,20762;1,574883
1,20762;1,574883
1,20762;1,574883
1,20762;1,574883
1,20762;1,574883
1,20762;1,574883
1,20762;1,574883
1,20762;1,574883
1,20762;1,574883
1,20762;1,574883
1,20762;1,574883
1,20762;1,574883
1,20762;1,574883
1,20762;1,574883
1,20762;1,574883
1,20762;1,574883
1,20762;1,574883
1,20762;1,574883
1,20762;1,574883
1,20762;1,574883
1,20762;1,574883
1,20762;1,574883
1,20762;1,574883
1,20762;1,574883
1,20762;1,574883
1,20762;1,574883
1,20762;1,574883
1,20762;1,574883
1,20762;1,574883
1,20762;1,574883
1,20762;1,574883
1,20762;1,574883
1,20762;1,574883
1,20762;1,574883
1,20762;1,574883
1,20762;1,574883
1,20762;1,574883
1,20762;1,574883
1,20762;1,574883
1,20762;1,574883
1,20762;1,574883
1,20762;1,574883
1,20762;1,574883
1,20762;1,574883
1,20762;1,574883
1,20762;1,574883
1,20762;1,574883
1,20762;1,574883
1,20762;1,574883
1,20762;1,574883
1,20762;1,574883
1,20762;1,574883
1,20762;1,574883
1,20762;1,574883
1,20762;1,574883
1,20762;1,574883
1,20762;1,574883
1,20762;1,574883
1,20762;1,574883
1,20762;1,574883
1,20762;1,574883
1,20762;1,574883
1,20762;1,574883
1,20762;1,574883
1,20762;1,574883
1,20762;1,574883
1,20762;1,574883
1,20762;1,574883
1,20762;1,574883
1,20762;1,574883
1,20762;1,574883
1,20762;1,574883
1,20762;1,574883
1,20762;1,574883
1,20762;1,574883
1,20762;1,574883
1,20762;1,574883
1,20762;1,574883
1,20762;1,574883
1,20762;1,574883
1,20762;1,574883
1,20762;1,574883
1,20762;1,574883
1,20762;1,574883
1,20762;1,574883
1,20762;1,574883
1,20762;1,574883
1,20762;1,574883
1,20762;1,574883
1,20762;1,574883
1,20762;1,574883
1,20762;1,574883
1,20762;1,574883
1,20762;1,574883
1,20762;1,574883
1,20762;1,574883
1,20762;1,574883
1,20762;1,574883
1,20762;1,574883
1,20762;1,574883
1,20762;1,574883
1,20762;1,574883
1,20762;1,574883
1,20762;1,574883
1,20762;1,574883
1,20762;1,574883
1,20762;1,574883
1,20762;1,574883
1,20762;1,574883
1,20762;1,574883
1,20762;1,574883
1,20762;1,574883
1,20762;1,574883
1,20762;1,574883
1,20762;1,574883
1,20762;1,574883
1,20762;1,574883
1,20762;1,574883
1,20762;1,574883
1,20762;1,574883
1,20762;1,574883
1,20762;1,574883
1,20762;1,574883
1,20762;1,574883
1,20762;1,574883
1,20762;1,574883
1,20762;1,574883
1,20762;1,574883
1,20762;1,574883
1,20762;1,574883
1,20762;1,574883
1,20762;1,574883
1,20762;1,574883
1,20762;1,574883
1,20762;1,574883
1,20762;1,574883
1,20762;1,574883
1,20762;1,574883
1,20762;1,574883
1,20762;1,574883
1,20762;1,574883
1,20762;1,574883
1,20762;1,574883
1,20762;1,574883
1,20762;1,574883
1,20762;1,574883
1,20762;1,574883
1,20762;1,574883
1,20762;1,574883
1,20762;1,574883
1,20762;1,574883
1,20762;1,574883
1,20762;1,574883
1,20762;1,574883
1,20762;1,574883
1,20762;1,574883
1,20762;1,574883
1,20762;1,574883
1,20762;1,574883
1,20762;1,574883
1,20762;1,574883
1,20762;1,574883
1,20762;1,574883
1,20762;1,574883
1,20762;1,574883
1,20762;1,574883
1,20762;1,574883
1,20762;1,574883
1,20762;1,574883
1,20762;1,574883
1,20762;1,574883
1,20762;1,574883
1,20762;1,574883
1,20762;1,574883
1,20762;1,574883
1,20762;1,574883
1,20762;1,574883
1,20762;1,574883
1,20762;1,574883
1,20762;1,574883
1,20762;1,574883
1,20762;1,574883
1,189152;1,613776
1,189152;1,613776
1,189152;1,613776
1,189152;1,613776
1,189152;1,613776
1,170684;1,65267
1,170684;1,65267
1,170684;1,65267
1,153035;1,691941
1,153035;1,691941
1,153035;1,691941
1,153035;1,691941
1,153035;1,691941
1,13566;1,731336
1,13566;1,731336
1,13566;1,731336
1,118285;1,77073
1,118285;1,77073
1,118285;1,77073
1,118285;1,77073
1,118285;1,77073
1,10091;1,810124
1,10091;1,810124
1,10091;1,810124
1,10091;1,810124
1,083535;1,849518
1,083535;1,849518
1,083535;1,849518
1,083535;1,849518
1,083535;1,849518
1,026766;1,871537
1,026766;1,871537
1,026766;1,871537
0,9699972;1,893557
0,9699972;1,893557
0,9699972;1,893557
0,9699972;1,893557
0,9699972;1,893557
0,9306031;1,876182
0,9306031;1,876182
0,9306031;1,876182
0,9306031;1,876182
0,9306031;1,876182
0,9306031;1,876182
0,9306031;1,876182
0,9306031;1,876182
0,9306031;1,876182
0,9306031;1,876182
0,9306031;1,876182
0,9306031;1,876182
0,9306031;1,876182
0,9306031;1,876182
0,9306031;1,876182
0,9306031;1,876182
0,9306031;1,876182
0,9306031;1,876182
0,9306031;1,876182
0,9306031;1,876182
0,9306031;1,876182
0,9306031;1,876182
0,9306031;1,876182
0,9306031;1,876182
0,9306031;1,876182
0,9306031;1,876182
0,9306031;1,876182
0,9306031;1,876182
0,9306031;1,876182
0,9306031;1,876182
0,9306031;1,876182
0,9306031;1,876182
0,9306031;1,876182
0,9306031;1,876182
0,9306031;1,876182
0,9306031;1,876182
0,9306031;1,876182
0,9306031;1,876182
0,9306031;1,876182
0,9306031;1,876182
0,9306031;1,876182
0,9306031;1,876182
0,9306031;1,876182
0,9306031;1,876182
0,9306031;1,876182
0,9306031;1,876182
0,9306031;1,876182
0,9306031;1,876182
0,9306031;1,876182
0,9306031;1,876182
0,9306031;1,876182
0,9306031;1,876182
0,9306031;1,876182
0,9306031;1,876182
0,9306031;1,876182
0,9306031;1,876182
0,9306031;1,876182
0,9306031;1,876182
0,9306031;1,876182
0,9306031;1,876182
0,9306031;1,876182
0,9306031;1,876182
0,9306031;1,876182
0,9306031;1,876182
0,9306031;1,876182
0,9306031;1,876182
0,9306031;1,876182
0,9306031;1,876182
0,9306031;1,876182
0,9306031;1,876182
0,9306031;1,876182
0,9306031;1,876182
0,9306031;1,876182
0,9306031;1,876182
0,9306031;1,876182
0,9306031;1,876182
0,9306031;1,876182
0,9306031;1,876182
0,9306031;1,876182
0,9306031;1,876182
0,9306031;1,876182
0,9306031;1,876182
0,9306031;1,876182
0,9306031;1,876182
0,9306031;1,876182
0,9306031;1,876182
0,9306031;1,876182
0,9306031;1,876182
0,9306031;1,876182
0,9306031;1,876182
0,9306031;1,876182
0,9306031;1,876182
0,9306031;1,876182
0,9306031;1,876182
0,9306031;1,876182
0,9306031;1,876182
0,9306031;1,876182
0,9306031;1,876182
0,9306031;1,876182
0,9306031;1,876182
0,9306031;1,876182
0,9306031;1,876182
0,9306031;1,876182
0,9306031;1,876182
0,9306031;1,876182
0,9306031;1,876182
0,9306031;1,876182
0,9306031;1,876182
0,9306031;1,876182
0,9306031;1,876182
0,9306031;1,876182
0,9306031;1,876182
0,9306031;1,876182
0,9306031;1,876182
0,9306031;1,876182
0,9306031;1,876182
0,9306031;1,876182
0,9306031;1,876182
0,9306031;1,876182
0,9306031;1,876182
0,9306031;1,876182
0,9306031;1,876182
0,9306031;1,876182
0,9306031;1,876182
0,9306031;1,876182
0,9306031;1,876182
0,9306031;1,876182
0,9306031;1,876182
0,9306031;1,876182
0,9306031;1,876182
0,9306031;1,876182
0,9306031;1,876182
0,9306031;1,876182
0,9306031;1,876182
0,9306031;1,876182
0,9306031;1,876182
0,9306031;1,876182
0,9306031;1,876182
0,9306031;1,876182
0,9306031;1,876182
0,9306031;1,876182
0,9306031;1,876182
0,9306031;1,876182
0,9306031;1,876182
0,9306031;1,876182
0,9306031;1,876182
0,9306031;1,876182
0,9306031;1,876182
0,9306031;1,876182
0,9306031;1,876182
0,9306031;1,876182
0,9306031;1,876182
0,9306031;1,876182
0,9306031;1,876182
0,9306031;1,876182
0,9306031;1,876182
0,9306031;1,876182
0,9306031;1,876182
0,9306031;1,876182
0,9306031;1,876182
0,9306031;1,876182
0,9306031;1,876182
0,9306031;1,876182
0,9306031;1,876182
0,9306031;1,876182
0,9306031;1,876182
0,9306031;1,876182
0,9306031;1,876182
0,9306031;1,876182
0,9306031;1,876182
0,9306031;1,876182
0,9306031;1,876182
0,9306031;1,876182
0,9306031;1,876182
0,9306031;1,876182
0,9306031;1,876182
0,9306031;1,876182
0,9306031;1,876182
0,9306031;1,876182
0,9306031;1,876182
0,9306031;1,876182
0,9306031;1,876182
0,9306031;1,876182
0,9306031;1,876182
0,9306031;1,876182
0,9306031;1,876182
0,9306031;1,876182
0,9306031;1,876182
0,9306031;1,876182
0,9306031;1,876182
0,9306031;1,876182
0,9306031;1,876182
0,9306031;1,876182
0,9306031;1,876182
0,9306031;1,876182
0,9306031;1,876182
0,9306031;1,876182
0,9306031;1,876182
0,9306031;1,876182
0,9306031;1,876182
0,9306031;1,876182
0,9306031;1,876182
0,9306031;1,876182
0,9306031;1,876182
0,9306031;1,876182
0,9306031;1,876182
0,9306031;1,876182
0,9306031;1,876182
0,9306031;1,876182
0,9306031;1,876182
0,9306031;1,876182
0,9306031;1,876182
0,9306031;1,876182
0,9306031;1,876182
0,9306031;1,876182
0,9306031;1,876182
0,9306031;1,876182
0,9306031;1,876182
0,9306031;1,876182
0,9306031;1,876182
0,9306031;1,876182
0,9306031;1,876182
0,9306031;1,876182
0,9306031;1,876182
0,9306031;1,876182
0,9306031;1,876182
0,9306031;1,876182
0,9306031;1,876182
0,9306031;1,876182
0,9306031;1,876182
0,9306031;1,876182
0,9306031;1,876182
0,9306031;1,876182
0,9306031;1,876182
0,9306031;1,876182
0,9306031;1,876182
0,9306031;1,876182
0,9306031;1,876182
0,9306031;1,876182
0,9306031;1,876182
0,9306031;1,876182
0,9306031;1,876182
0,9306031;1,876182
0,9306031;1,876182
0,9306031;1,876182
0,9306031;1,876182
0,9306031;1,876182
0,9306031;1,876182
0,9306031;1,876182
0,9306031;1,876182
0,9306031;1,876182
0,9306031;1,876182
0,9306031;1,876182
0,9306031;1,876182
0,9306031;1,876182
0,9306031;1,876182
0,9306031;1,876182
0,9031585;1,909357
0,9031585;1,909357
0,9031585;1,909357
0,9031585;1,909357
0,8743487;1,941353
0,8743487;1,941353
0,8743487;1,941353
0,8743487;1,941353
0,8337377;1,955655
0,8337377;1,955655
0,8337377;1,955655
0,8337377;1,955655
0,8337377;1,955655
0,7925635;1,968243
0,7925635;1,968243
0,7925635;1,968243
0,7512175;1,980255
0,7512175;1,980255
0,7512175;1,980255
0,7512175;1,980255
0,7512175;1,980255
0,709748;1,991833
0,709748;1,991833
0,709748;1,991833
0,709748;1,991833
0,709748;1,991833
0,6675719;2,000491
0,6675719;2,000491
0,6675719;2,000491
0,6675719;2,000491
0,6675719;2,000491
0,6250004;2,006929
0,6250004;2,006929
0,6250004;2,006929
0,6250004;2,006929
0,6250004;2,006929
0,5820605;2,010082
0,5820605;2,010082
0,5820605;2,010082
0,5820605;2,010082
0,5820605;2,010082
0,5390262;2,011435
0,5390262;2,011435
0,5390262;2,011435
0,5390262;2,011435
0,4959801;2,012336
0,4959801;2,012336
0,4959801;2,012336
0,4959801;2,012336
0,452934;2,013238
0,452934;2,013238
0,452934;2,013238
0,452934;2,013238
0,409885;2,01399
0,409885;2,01399
0,409885;2,01399
0,3668305;2,01429
0,3668305;2,01429
0,3668305;2,01429
0,3668305;2,01429
0,3668305;2,01429
0,3237752;2,01414
0,3237752;2,01414
0,3237752;2,01414
0,3237752;2,01414
0,2807262;2,013389
0,2807262;2,013389
0,2807262;2,013389
0,2807262;2,013389
0,2807262;2,013389
0,2376772;2,012637
0,2376772;2,012637
0,2376772;2,012637
0,2376772;2,012637
0,2376772;2,012637
0,1946311;2,011735
0,1946311;2,011735
0,1946311;2,011735
0,1946311;2,011735
0,1946311;2,011735
0,151585;2,010834
0,151585;2,010834
0,151585;2,010834
0,151585;2,010834
0,1085388;2,009932
0,1085388;2,009932
0,1085388;2,009932
0,1085388;2,009932
0,1085388;2,009932
0,06549273;2,00903
0,06549273;2,00903
0,06549273;2,00903
0,06549273;2,00903
0,06549273;2,00903
0,02244662;2,008129
0,02244662;2,008129
0,02244662;2,008129
0,02244662;2,008129
-0,02059949;2,007227
-0,02059949;2,007227
-0,02059949;2,007227
-0,02059949;2,007227
-0,02059949;2,007227
-0,0636456;2,006325
-0,0636456;2,006325
-0,0636456;2,006325
-0,1066917;2,005424
-0,1066917;2,005424
-0,1066917;2,005424
-0,1066917;2,005424
-0,1066917;2,005424
-0,1497344;2,004372
-0,1497344;2,004372
-0,1497344;2,004372
-0,1497344;2,004372
-0,1927582;2,002719
-0,1927582;2,002719
-0,1927582;2,002719
-0,2357624;2,000616
-0,2357624;2,000616
-0,2357624;2,000616
-0,2357624;2,000616
-0,2357624;2,000616
-0,2787508;1,998212
-0,2787508;1,998212
-0,2787508;1,998212
-0,2787508;1,998212
-0,2787508;1,998212
-0,3216907;1,995059
-0,3216907;1,995059
-0,3216907;1,995059
-0,364478;1,99026
-0,364478;1,99026
-0,364478;1,99026
-0,364478;1,99026
-0,364478;1,99026
-0,4069053;1,982931
-0,4069053;1,982931
-0,4069053;1,982931
-0,4069053;1,982931
-0,4488232;1,973099
-0,4488232;1,973099
-0,4488232;1,973099
-0,4903726;1,961811
-0,4903726;1,961811
-0,4903726;1,961811
-0,4903726;1,961811
-0,4903726;1,961811
-0,5316764;1,949654
-0,5316764;1,949654
-0,5316764;1,949654
-0,5724831;1,935921
-0,5724831;1,935921
-0,5724831;1,935921
-0,5724831;1,935921
-0,5724831;1,935921
-0,6129932;1,921337
-0,6129932;1,921337
-0,6129932;1,921337
-0,6129932;1,921337
-0,6529136;1,905208
-0,6529136;1,905208
-0,6529136;1,905208
-0,6529136;1,905208
-0,6529136;1,905208
-0,6918715;1,886876
-0,6918715;1,886876
-0,6918715;1,886876
-0,6918715;1,886876
-0,7500381;1,904881
-0,7500381;1,904881
-0,7500381;1,904881
-0,7500381;1,904881
-0,8086273;1,921461
-0,8086273;1,921461
-0,8086273;1,921461
-0,8086273;1,921461
-0,8086273;1,921461
-0,8690099;1,929303
-0,8690099;1,929303
-0,8690099;1,929303
-0,8690099;1,929303
-0,8690099;1,929303
-0,9298548;1,93164
-0,9298548;1,93164
-0,9298548;1,93164
-0,9298548;1,93164
-0,9298548;1,93164
-0,9906374;1,928029
-0,9906374;1,928029
-0,9906374;1,928029
-0,9906374;1,928029
-0,9906374;1,928029
-1,050639;1,917665
-1,050639;1,917665
-1,050639;1,917665
-1,050639;1,917665
-1,050639;1,917665
-1,109454;1,901906
-1,109454;1,901906
-1,109454;1,901906
-1,109454;1,901906
-1,109454;1,901906
-1,166375;1,880284
-1,166375;1,880284
-1,166375;1,880284
-1,166375;1,880284
-1,222087;1,855712
-1,222087;1,855712
-1,222087;1,855712
-1,222087;1,855712
-1,277361;1,830172
-1,277361;1,830172
-1,277361;1,830172
-1,277361;1,830172
-1,277361;1,830172
-1,331517;1,802339
-1,331517;1,802339
-1,331517;1,802339
-1,331517;1,802339
-1,384355;1,772079
-1,384355;1,772079
-1,384355;1,772079
-1,436548;1,740718
-1,436548;1,740718
-1,436548;1,740718
-1,436548;1,740718
-1,436548;1,740718
-1,487499;1,707377
-1,487499;1,707377
-1,487499;1,707377
-1,487499;1,707377
-1,487499;1,707377
-1,536884;1,671759
-1,536884;1,671759
-1,536884;1,671759
-1,585385;1,634945
-1,585385;1,634945
-1,585385;1,634945
-1,585385;1,634945
-1,585385;1,634945
-1,633497;1,597625
-1,633497;1,597625
-1,633497;1,597625
-1,633497;1,597625
-1,681609;1,560306
-1,681609;1,560306
-1,681609;1,560306
-1,681609;1,560306
-1,729722;1,522986
-1,729722;1,522986
-1,729722;1,522986
-1,729722;1,522986
-1,777834;1,485666
-1,777834;1,485666
-1,777834;1,485666
-1,777834;1,485666
-1,825947;1,448346
-1,825947;1,448346
-1,825947;1,448346
-1,825947;1,448346
-1,874575;1,411702
-1,874575;1,411702
-1,874575;1,411702
-1,874575;1,411702
-1,923711;1,37574
-1,923711;1,37574
-1,923711;1,37574
-1,923711;1,37574
-1,97322;1,340295
-1,97322;1,340295
-1,97322;1,340295
-1,97322;1,340295
-1,980993;1,297947
-1,980993;1,297947
-1,980993;1,297947
-1,980993;1,297947
-1,988765;1,255598
-1,988765;1,255598
-1,988765;1,255598
-1,988765;1,255598
-1,996833;1,213305
-1,996833;1,213305
-1,996833;1,213305
-1,996833;1,213305
-2,005048;1,171041
-2,005048;1,171041
-2,005048;1,171041
-2,005048;1,171041
-2,013264;1,128777
-2,013264;1,128777
-2,013264;1,128777
-2,013264;1,128777
-2,021184;1,086456
-2,021184;1,086456
-2,021184;1,086456
-1,986085;1,0367
-1,986085;1,0367
-1,986085;1,0367
-1,986085;1,0367
-1,95064;0,9871904
-1,95064;0,9871904
-1,95064;0,9871904
-1,95064;0,9871904
-1,912486;0,9397367
-1,912486;0,9397367
-1,912486;0,9397367
-1,912486;0,9397367
-1,874332;0,892283
-1,874332;0,892283
-1,874332;0,892283
-1,836179;0,8448293
-1,836179;0,8448293
-1,836179;0,8448293
-1,836179;0,8448293
-1,836179;0,8448293
-1,800733;0,7953197
-1,800733;0,7953197
-1,800733;0,7953197
-1,765288;0,7458102
-1,765288;0,7458102
-1,765288;0,7458102
-1,765288;0,7458102
-1,729843;0,6963007
-1,729843;0,6963007
-1,729843;0,6963007
-1,694398;0,6467912
-1,694398;0,6467912
-1,694398;0,6467912
-1,694398;0,6467912
-1,659126;0,5971582
-1,659126;0,5971582
-1,659126;0,5971582
-1,659126;0,5971582
-1,659126;0,5971582
-1,623853;0,5475252
-1,623853;0,5475252
-1,623853;0,5475252
-1,623853;0,5475252
-1,588581;0,4978923
-1,588581;0,4978923
-1,588581;0,4978923
-1,588581;0,4978923
-1,553309;0,4482593
-1,553309;0,4482593
-1,553309;0,4482593
-1,553309;0,4482593
-1,521404;0,3963978
-1,521404;0,3963978
-1,521404;0,3963978
-1,521404;0,3963978
-1,49263;0,3427355
-1,49263;0,3427355
-1,49263;0,3427355
-1,464987;0,2884823
-1,464987;0,2884823
-1,464987;0,2884823
-1,464987;0,2884823
-1,437343;0,2342291
-1,437343;0,2342291
-1,437343;0,2342291
-1,437343;0,2342291
-1,437343;0,2342291
-1,450648;0,1932808
-1,450648;0,1932808
-1,450648;0,1932808
-1,463093;0,1520629
-1,463093;0,1520629
-1,463093;0,1520629
-1,463093;0,1520629
-1,469977;0,1095612
-1,469977;0,1095612
-1,469977;0,1095612
-1,469977;0,1095612
-1,469676;0,06650674
-1,469676;0,06650674
-1,469676;0,06650674
-1,469676;0,06650674
-1,469376;0,02345224
-1,469376;0,02345224
-1,469376;0,02345224
-1,469075;-0,01960227
-1,469075;-0,01960227
-1,469075;-0,01960227
-1,469075;-0,01960227
-1,468775;-0,06265678
-1,468775;-0,06265678
-1,468775;-0,06265678
-1,468775;-0,06265678
-1,468775;-0,06265678
-1,468474;-0,1057113
-1,468474;-0,1057113
-1,468474;-0,1057113
-1,468174;-0,1487658
-1,468174;-0,1487658
-1,468174;-0,1487658
-1,468174;-0,1487658
-1,467873;-0,1918203
-1,467873;-0,1918203
-1,467873;-0,1918203
-1,467873;-0,1918203
-1,467573;-0,2348748
-1,467573;-0,2348748
-1,467573;-0,2348748
-1,467573;-0,2348748
-1,467272;-0,2779293
-1,467272;-0,2779293
-1,467272;-0,2779293
-1,466972;-0,3209838
-1,466972;-0,3209838
-1,466972;-0,3209838
-1,466972;-0,3209838
-1,466972;-0,3209838
-1,466671;-0,3640383
-1,466671;-0,3640383
-1,466671;-0,3640383
-1,466671;-0,3640383
-1,46637;-0,4070929
-1,46637;-0,4070929
-1,46637;-0,4070929
-1,46637;-0,4070929
-1,46607;-0,4501474
-1,46607;-0,4501474
-1,46607;-0,4501474
-1,46607;-0,4501474
-1,465769;-0,4932019
-1,465769;-0,4932019
-1,465769;-0,4932019
-1,465769;-0,4932019
-1,465769;-0,4932019
-1,465769;-0,4932019
-1,465769;-0,4932019
-1,465769;-0,4932019
-1,465769;-0,4932019
-1,465769;-0,4932019
-1,465769;-0,4932019
-1,465769;-0,4932019
-1,465769;-0,4932019
-1,465769;-0,4932019
-1,465769;-0,4932019
-1,465769;-0,4932019
-1,465769;-0,4932019
-1,465769;-0,4932019
-1,465769;-0,4932019
-1,465769;-0,4932019
-1,465769;-0,4932019
-1,465769;-0,4932019
-1,465769;-0,4932019
-1,465769;-0,4932019
-1,465769;-0,4932019
-1,465769;-0,4932019
-1,465769;-0,4932019
-1,465769;-0,4932019
-1,465769;-0,4932019
-1,465769;-0,4932019
-1,465769;-0,4932019
-1,465769;-0,4932019
-1,465769;-0,4932019
-1,465769;-0,4932019
-1,465769;-0,4932019
-1,465769;-0,4932019
-1,465769;-0,4932019
-1,465769;-0,4932019
-1,465769;-0,4932019
-1,465769;-0,4932019
-1,465769;-0,4932019
-1,465769;-0,4932019
-1,465769;-0,4932019
-1,465769;-0,4932019
-1,465769;-0,4932019
-1,465769;-0,4932019
-1,465769;-0,4932019
-1,465769;-0,4932019
-1,465769;-0,4932019
-1,465769;-0,4932019
-1,465769;-0,4932019
-1,465769;-0,4932019
-1,465769;-0,4932019
-1,465769;-0,4932019
-1,465769;-0,4932019
-1,465769;-0,4932019
-1,465769;-0,4932019
-1,465769;-0,4932019
-1,465769;-0,4932019
-1,465769;-0,4932019
-1,465769;-0,4932019
-1,465769;-0,4932019
-1,465769;-0,4932019
-1,465769;-0,4932019
-1,465769;-0,4932019
-1,465769;-0,4932019
-1,465769;-0,4932019
-1,465769;-0,4932019
-1,465769;-0,4932019
-1,465769;-0,4932019
-1,465769;-0,4932019
-1,465769;-0,4932019
-1,465769;-0,4932019
-1,465769;-0,4932019
-1,465769;-0,4932019
-1,465769;-0,4932019
-1,465769;-0,4932019
-1,465769;-0,4932019
-1,465769;-0,4932019
-1,465769;-0,4932019
-1,465769;-0,4932019
-1,465769;-0,4932019
-1,465769;-0,4932019
-1,465769;-0,4932019
-1,465769;-0,4932019
-1,465769;-0,4932019
-1,465769;-0,4932019
-1,465769;-0,4932019
-1,465769;-0,4932019
-1,465769;-0,4932019
-1,465769;-0,4932019
-1,465769;-0,4932019
-1,465769;-0,4932019
-1,465769;-0,4932019
-1,465769;-0,4932019
-1,465769;-0,4932019
-1,465769;-0,4932019
-1,465769;-0,4932019
-1,465769;-0,4932019
-1,465769;-0,4932019
-1,465769;-0,4932019
-1,465769;-0,4932019
-1,465769;-0,4932019
-1,465769;-0,4932019
-1,465769;-0,4932019
-1,465769;-0,4932019
-1,465769;-0,4932019
-1,465769;-0,4932019
-1,465769;-0,4932019
-1,465769;-0,4932019
-1,465769;-0,4932019
-1,465769;-0,4932019
-1,465769;-0,4932019
-1,465769;-0,4932019
-1,465769;-0,4932019
-1,465769;-0,4932019
-1,465769;-0,4932019
-1,465769;-0,4932019
-1,465769;-0,4932019
-1,465769;-0,4932019
-1,465769;-0,4932019
-1,465769;-0,4932019
-1,465769;-0,4932019
-1,465769;-0,4932019
-1,465769;-0,4932019
-1,465769;-0,4932019
-1,465769;-0,4932019
-1,465769;-0,4932019
-1,465769;-0,4932019
-1,465769;-0,4932019
-1,465769;-0,4932019
-1,465769;-0,4932019
-1,465769;-0,4932019
-1,465769;-0,4932019
-1,465769;-0,4932019
-1,465769;-0,4932019
-1,465769;-0,4932019
-1,465769;-0,4932019
-1,465769;-0,4932019
-1,465769;-0,4932019
-1,465769;-0,4932019
-1,465769;-0,4932019
-1,465769;-0,4932019
-1,444764;-0,4556178
-1,444764;-0,4556178
-1,444764;-0,4556178
-1,444764;-0,4556178
-1,444764;-0,4556178
-1,422332;-0,4188677
-1,422332;-0,4188677
-1,422332;-0,4188677
-1,396782;-0,3842126
-1,396782;-0,3842126
-1,396782;-0,3842126
-1,396782;-0,3842126
-1,396782;-0,3842126
-1,368762;-0,3515218
-1,368762;-0,3515218
-1,368762;-0,3515218
-1,368762;-0,3515218
-1,339179;-0,3202388
-1,339179;-0,3202388
-1,339179;-0,3202388
-1,339179;-0,3202388
-1,339179;-0,3202388
-1,308417;-0,2901144
-1,308417;-0,2901144
-1,308417;-0,2901144
-1,304382;-0,2293586
-1,304382;-0,2293586
-1,304382;-0,2293586
-1,332287;-0,1965701
-1,332287;-0,1965701
-1,332287;-0,1965701
-1,332287;-0,1965701
-1,332287;-0,1965701
-1,332287;-0,1965701
-1,360192;-0,1637816
-1,360192;-0,1637816
-1,360192;-0,1637816
-1,360192;-0,1637816
-1,384888;-0,1285125
-1,384888;-0,1285125
-1,384888;-0,1285125
-1,407958;-0,09215945
-1,407958;-0,09215945
-1,407958;-0,09215945
-1,407958;-0,09215945
-1,429875;-0,05509968
-1,429875;-0,05509968
-1,429875;-0,05509968
-1,429875;-0,05509968
-1,450485;-0,01729761
-1,450485;-0,01729761
-1,450485;-0,01729761
-1,450485;-0,01729761
-1,469764;0,02120072
-1,469764;0,02120072
-1,469764;0,02120072
-1,487687;0,06034841
-1,487687;0,06034841
-1,487687;0,06034841
-1,487687;0,06034841
-1,504371;0,1000398
-1,504371;0,1000398
-1,504371;0,1000398
-1,518247;0,1407983
-1,518247;0,1407983
-1,518247;0,1407983
-1,518247;0,1407983
-1,530114;0,182186
-1,530114;0,182186
-1,530114;0,182186
-1,540092;0,2240694
-1,540092;0,2240694
-1,540092;0,2240694
-1,540092;0,2240694
-1,540092;0,2240694
-1,548455;0,266305
-1,548455;0,266305
-1,548455;0,266305
-1,554447;0,3089415
-1,554447;0,3089415
-1,554447;0,3089415
-1,554447;0,3089415
-1,558798;0,3517767
-1,558798;0,3517767
-1,558798;0,3517767
-1,562251;0,3946935
-1,562251;0,3946935
-1,562251;0,3946935
-1,562251;0,3946935
-1,564654;0,4376819
-1,564654;0,4376819
-1,564654;0,4376819
-1,564654;0,4376819
-1,565706;0,4807246
-1,565706;0,4807246
-1,565706;0,4807246
-1,565706;0,4807246
-1,565255;0,5237778
-1,565255;0,5237778
-1,565255;0,5237778
-1,563903;0,5668122
-1,563903;0,5668122
-1,563903;0,5668122
-1,561199;0,6097828
-1,561199;0,6097828
-1,561199;0,6097828
-1,561199;0,6097828
-1,557596;0,6526873
-1,557596;0,6526873
-1,557596;0,6526873
-1,557596;0,6526873
-1,557596;0,6526873
-1,553694;0,6955656
-1,553694;0,6955656
-1,553694;0,6955656
-1,549044;0,7383693
-1,549044;0,7383693
-1,549044;0,7383693
-1,549044;0,7383693
-1,549044;0,7383693
-1,543647;0,7810854
-1,543647;0,7810854
-1,543647;0,7810854
-1,537655;0,8237219
-1,537655;0,8237219
-1,537655;0,8237219
-1,537655;0,8237219
-1,531217;0,8662933
-1,531217;0,8662933
-1,531217;0,8662933
-1,524778;0,9088647
-1,524778;0,9088647
-1,524778;0,9088647
-1,518191;0,9514135
-1,518191;0,9514135
-1,518191;0,9514135
-1,518191;0,9514135
-1,511308;0,9939151
-1,511308;0,9939151
-1,511308;0,9939151
-1,545357;1,044395
-1,545357;1,044395
-1,545357;1,044395
-1,579406;1,094875
-1,579406;1,094875
-1,579406;1,094875
-1,579406;1,094875
-1,611311;1,146737
-1,611311;1,146737
-1,611311;1,146737
-1,642123;1,199255
-1,642123;1,199255
-1,642123;1,199255
-1,672014;1,252303
-1,672014;1,252303
-1,672014;1,252303
-1,700412;1,306165
-1,700412;1,306165
-1,700412;1,306165
-1,700412;1,306165
-1,726913;1,360985
-1,726913;1,360985
-1,726913;1,360985
-1,751873;1,416524
-1,751873;1,416524
-1,751873;1,416524
-1,751873;1,416524
-1,774486;1,473059
-1,774486;1,473059
-1,774486;1,473059
-1,791881;1,531411
-1,791881;1,531411
-1,791881;1,531411
-1,805371;1,590788
-1,805371;1,590788
-1,805371;1,590788
-1,805371;1,590788
-1,814476;1,650993
-1,814476;1,650993
-1,814476;1,650993
-1,814476;1,650993
-1,814476;1,650993
-1,821686;1,711454
-1,821686;1,711454
-1,821686;1,711454
-1,827839;1,772032
-1,827839;1,772032
-1,827839;1,772032
-1,827839;1,772032
-1,827839;1,772032
-1,83251;1,832743
-1,83251;1,832743
-1,83251;1,832743
-1,83506;1,893579
-1,83506;1,893579
-1,83506;1,893579
-1,83506;1,893579
-1,83591;1,954463
-1,83591;1,954463
-1,83591;1,954463
-1,836547;2,015349
-1,836547;2,015349
-1,836547;2,015349
-1,836547;2,076239
-1,836547;2,076239
-1,836547;2,076239
-1,836547;2,076239
-1,836335;2,137128
-1,836335;2,137128
-1,836335;2,137128
-1,835909;2,198017
-1,835909;2,198017
-1,835909;2,198017
-1,805147;2,228141
-1,805147;2,228141
-1,805147;2,228141
-1,805147;2,228141
-1,805147;2,228141
-1,805147;2,228141
-1,805147;2,228141
-1,805147;2,228141
-1,805147;2,228141
-1,805147;2,228141
-1,805147;2,228141
-1,805147;2,228141
-1,805147;2,228141
-1,805147;2,228141
-1,805147;2,228141
-1,805147;2,228141
-1,805147;2,228141
-1,805147;2,228141
-1,805147;2,228141
-1,805147;2,228141
-1,805147;2,228141
-1,805147;2,228141
-1,805147;2,228141
-1,805147;2,228141
-1,805147;2,228141
-1,805147;2,228141
-1,805147;2,228141
-1,805147;2,228141
-1,805147;2,228141
-1,805147;2,228141
-1,805147;2,228141
-1,805147;2,228141
-1,805147;2,228141
-1,805147;2,228141
-1,805147;2,228141
-1,805147;2,228141
-1,805147;2,228141
-1,805147;2,228141
-1,805147;2,228141
-1,805147;2,228141
-1,805147;2,228141
-1,805147;2,228141
-1,805147;2,228141
-1,805147;2,228141
-1,805147;2,228141
-1,805147;2,228141
-1,805147;2,228141
-1,805147;2,228141
-1,805147;2,228141
-1,805147;2,228141
-1,805147;2,228141
-1,805147;2,228141
-1,805147;2,228141
-1,805147;2,228141
-1,805147;2,228141
-1,805147;2,228141
-1,805147;2,228141
-1,805147;2,228141
-1,805147;2,228141
-1,805147;2,228141
-1,805147;2,228141
-1,805147;2,228141
-1,805147;2,228141
-1,805147;2,228141
-1,805147;2,228141
-1,805147;2,228141
-1,805147;2,228141
-1,805147;2,228141
-1,805147;2,228141
-1,805147;2,228141
-1,805147;2,228141
-1,805147;2,228141
-1,805147;2,228141
-1,805147;2,228141
-1,805147;2,228141
-1,774596;2,258479
-1,774596;2,258479
-1,774596;2,258479
-1,743625;2,288388
-1,743625;2,288388
-1,743625;2,288388
-1,743625;2,288388
-1,711729;2,31731
-1,711729;2,31731
-1,711729;2,31731
-1,678941;2,345215
-1,678941;2,345215
-1,678941;2,345215
-1,678941;2,345215
-1,645386;2,372194
-1,645386;2,372194
-1,645386;2,372194
-1,611365;2,398582
-1,611365;2,398582
-1,611365;2,398582
-1,611365;2,398582
-1,57707;2,424614
-1,57707;2,424614
-1,57707;2,424614
-1,542415;2,450164
-1,542415;2,450164
-1,542415;2,450164
-1,507146;2,474859
-1,507146;2,474859
-1,507146;2,474859
-1,471118;2,498435
-1,471118;2,498435
-1,471118;2,498435
-1,411936;2,484117
-1,411936;2,484117
-1,411936;2,484117
-1,411936;2,484117
-1,352906;2,46918
-1,352906;2,46918
-1,352906;2,46918
-1,294616;2,451581
-1,294616;2,451581
-1,294616;2,451581
-1,236576;2,43317
-1,236576;2,43317
-1,236576;2,43317
-1,236576;2,43317
-1,178732;2,414151
-1,178732;2,414151
-1,178732;2,414151
-1,12123;2,394127
-1,12123;2,394127
-1,12123;2,394127
-1,064012;2,373301
-1,064012;2,373301
-1,064012;2,373301
-1,064012;2,373301
-1,007398;2,350886
-1,007398;2,350886
-1,007398;2,350886
-0,951349;2,327094
-0,951349;2,327094
-0,951349;2,327094
-0,8957235;2,302328
-0,8957235;2,302328
-0,8957235;2,302328
-0,8957235;2,302328
-0,8409033;2,275827
-0,8409033;2,275827
-0,8409033;2,275827
-0,8409033;2,275827
-0,8409033;2,275827
-0,786747;2,247994
-0,786747;2,247994
-0,786747;2,247994
-0,7332869;2,218847
-0,7332869;2,218847
-0,7332869;2,218847
-0,7332869;2,218847
-0,6807687;2,188034
-0,6807687;2,188034
-0,6807687;2,188034
-0,6807687;2,188034
-0,6807687;2,188034
-0,6294721;2,155229
-0,6294721;2,155229
-0,6294721;2,155229
-0,5870706;2,162705
-0,5870706;2,162705
-0,5870706;2,162705
-0,5870706;2,162705
-0,5870706;2,162705
-0,5445219;2,169292
-0,5445219;2,169292
-0,5445219;2,169292
-0,5445219;2,169292
-0,5017517;2,17424
-0,5017517;2,17424
-0,5017517;2,17424
-0,5017517;2,17424
-0,4588349;2,177693
-0,4588349;2,177693
-0,4588349;2,177693
-0,4588349;2,177693
-0,4158171;2,179496
-0,4158171;2,179496
-0,4158171;2,179496
-0,3727709;2,180398
-0,3727709;2,180398
-0,3727709;2,180398
-0,3727709;2,180398
-0,3727709;2,180398
-0,3297178;2,179947
-0,3297178;2,179947
-0,3297178;2,179947
-0,286738;2,177394
-0,286738;2,177394
-0,286738;2,177394
-0,286738;2,177394
-0,2441665;2,170955
-0,2441665;2,170955
-0,2441665;2,170955
-0,192642;2,203402
-0,192642;2,203402
-0,192642;2,203402
-0,192642;2,203402
-0,192642;2,203402
-0,1829565;2,245354
-0,1829565;2,245354
-0,1829565;2,245354
-0,1829565;2,245354
-0,1728323;2,287202
-0,1728323;2,287202
-0,1728323;2,287202
-0,1728323;2,287202
-0,1616886;2,328791
-0,1616886;2,328791
-0,1616886;2,328791
-0,1503998;2,37034
-0,1503998;2,37034
-0,1503998;2,37034
-0,1503998;2,37034
-0,1391111;2,411889
-0,1391111;2,411889
-0,1391111;2,411889
-0,1278223;2,453439
-0,1278223;2,453439
-0,1278223;2,453439
-0,1278223;2,453439
-0,1160991;2,494867
-0,1160991;2,494867
-0,1160991;2,494867
-0,1039426;2,536171
-0,1039426;2,536171
-0,1039426;2,536171
-0,09078068;2,577166
-0,09078068;2,577166
-0,09078068;2,577166
-0,09078068;2,577166
-0,09078068;2,577166
-0,07619606;2,617676
-0,07619606;2,617676
-0,07619606;2,617676
-0,06161144;2,658186
-0,06161144;2,658186
-0,06161144;2,658186
-0,06161144;2,658186
-0,04702681;2,698696
-0,04702681;2,698696
-0,04702681;2,698696
-0,03244219;2,739206
-0,03244219;2,739206
-0,03244219;2,739206
-0,03244219;2,739206
-0,03244219;2,739206
-0,03244219;2,739206
-0,03244219;2,739206
-0,03244219;2,739206
-0,03244219;2,739206
-0,03244219;2,739206
-0,03244219;2,739206
-0,03244219;2,739206
-0,03244219;2,739206
-0,03244219;2,739206
-0,03244219;2,739206
-0,03244219;2,739206
-0,03244219;2,739206
-0,03244219;2,739206
-0,03244219;2,739206
-0,03244219;2,739206
-0,03244219;2,739206
-0,03244219;2,739206
-0,03244219;2,739206
-0,03244219;2,739206
-0,03244219;2,739206
-0,03244219;2,739206
-0,03244219;2,739206
-0,03244219;2,739206
-0,03244219;2,739206
-0,03244219;2,739206
-0,03244219;2,739206
-0,03244219;2,739206
-0,03244219;2,739206
-0,03244219;2,739206
-0,03244219;2,739206
-0,03244219;2,739206
-0,03244219;2,739206
-0,03244219;2,739206
-0,03244219;2,739206
-0,03244219;2,739206
-0,03244219;2,739206
-0,03244219;2,739206
-0,03244219;2,739206
-0,03244219;2,739206
-0,03244219;2,739206
-0,03244219;2,739206
-0,03244219;2,739206
-0,03244219;2,739206
-0,03244219;2,739206
-0,03244219;2,739206
-0,03244219;2,739206
-0,03244219;2,739206
-0,03244219;2,739206
0,007534255;2,723217
0,007534255;2,723217
0,007534255;2,723217
0,007534255;2,723217
0,04734106;2,70681
0,04734106;2,70681
0,04734106;2,70681
0,04734106;2,70681
0,04734106;2,70681
0,0864887;2,688886
0,0864887;2,688886
0,0864887;2,688886
0,0864887;2,688886
0,0864887;2,688886
0,1252524;2,670147
0,1252524;2,670147
0,1252524;2,670147
0,1637507;2,650868
0,1637507;2,650868
0,1637507;2,650868
0,1637507;2,650868
0,1637507;2,650868
0,2019066;2,630921
0,2019066;2,630921
0,2019066;2,630921
0,2019066;2,630921
0,2391938;2,609393
0,2391938;2,609393
0,2391938;2,609393
0,2391938;2,609393
0,2758653;2,586833
0,2758653;2,586833
0,2758653;2,586833
0,2758653;2,586833
0,3112203;2,56226
0,3112203;2,56226
0,3112203;2,56226
0,3112203;2,56226
0,3112203;2,56226
0,3455153;2,536229
0,3455153;2,536229
0,3455153;2,536229
0,3784977;2,508553
0,3784977;2,508553
0,3784977;2,508553
0,3784977;2,508553
0,3784977;2,508553
0,4106946;2,479967
0,4106946;2,479967
0,4106946;2,479967
0,4106946;2,479967
0,4416661;2,450058
0,4416661;2,450058
0,4416661;2,450058
0,4721109;2,419614
0,4721109;2,419614
0,4721109;2,419614
0,4721109;2,419614
0,4721109;2,419614
0,5018029;2,388434
0,5018029;2,388434
0,5018029;2,388434
0,5018029;2,388434
0,5305007;2,356337
0,5305007;2,356337
0,5305007;2,356337
0,5305007;2,356337
0,5584058;2,323549
0,5584058;2,323549
0,5584058;2,323549
0,5584058;2,323549
0,5859661;2,29047
0,5859661;2,29047
0,5859661;2,29047
0,6131784;2,257104
0,6131784;2,257104
0,6131784;2,257104
0,6131784;2,257104
0,6131784;2,257104
0,6403907;2,223738
0,6403907;2,223738
0,6403907;2,223738
0,667603;2,190372
0,667603;2,190372
0,667603;2,190372
0,667603;2,190372
0,6948153;2,157007
0,6948153;2,157007
0,6948153;2,157007
0,7222599;2,123832
0,7222599;2,123832
0,7222599;2,123832
0,7222599;2,123832
0,7222599;2,123832
0,7500504;2,090946
0,7500504;2,090946
0,7500504;2,090946
0,7778409;2,05806
0,7778409;2,05806
0,7778409;2,05806
0,7778409;2,05806
0,8060879;2,025566
0,8060879;2,025566
0,8060879;2,025566
0,834448;1,99317
0,834448;1,99317
0,834448;1,99317
0,834448;1,99317
0,8629211;1,960873
0,8629211;1,960873
0,8629211;1,960873
0,8629211;1,960873
0,8918424;1,928978
0,8918424;1,928978
0,8918424;1,928978
0,8918424;1,928978
0,921096;1,897386
0,921096;1,897386
0,921096;1,897386
0,921096;1,897386
0,9505695;1,866
0,9505695;1,866
0,9505695;1,866
0,9505695;1,866
0,9800431;1,834614
0,9800431;1,834614
0,9800431;1,834614
1,008741;1,802517
1,008741;1,802517
1,008741;1,802517
1,008741;1,802517
1,035837;1,769056
1,035837;1,769056
1,035837;1,769056
1,061265;1,734312
1,061265;1,734312
1,061265;1,734312
1,061265;1,734312
1,061265;1,734312
1,083569;1,697484
1,083569;1,697484
1,083569;1,697484
1,102713;1,658919
1,102713;1,658919
1,102713;1,658919
1,102713;1,658919
1,102713;1,658919
1,102713;1,658919
1,118563;1,618887
1,118563;1,618887
1,118563;1,618887
1,118563;1,618887
1,118563;1,618887
1,132153;1,578032
1,132153;1,578032
1,132153;1,578032
1,132153;1,578032
1,144309;1,536728
1,144309;1,536728
1,144309;1,536728
1,144309;1,536728
1,155162;1,495063
1,155162;1,495063
1,155162;1,495063
1,155162;1,495063
1,155162;1,495063
1,16514;1,45318
1,16514;1,45318
1,16514;1,45318
1,16514;1,45318
1,16514;1,45318
1,16514;1,45318
1,16514;1,45318
1,16514;1,45318
1,16514;1,45318
1,16514;1,45318
1,16514;1,45318
1,16514;1,45318
1,16514;1,45318
1,16514;1,45318
1,16514;1,45318
1,16514;1,45318
1,16514;1,45318
1,16514;1,45318
1,16514;1,45318
1,16514;1,45318
1,16514;1,45318
1,16514;1,45318
1,16514;1,45318
1,16514;1,45318
1,16514;1,45318
1,16514;1,45318
1,16514;1,45318
1,16514;1,45318
1,16514;1,45318
1,16514;1,45318
1,16514;1,45318
1,16514;1,45318
1,16514;1,45318
1,16514;1,45318
1,16514;1,45318
1,16514;1,45318
1,16514;1,45318
1,16514;1,45318
1,16514;1,45318
1,16514;1,45318
1,16514;1,45318
1,16514;1,45318
1,16514;1,45318
1,16514;1,45318
1,16514;1,45318
1,16514;1,45318
1,16514;1,45318
1,16514;1,45318
1,16514;1,45318
1,16514;1,45318
1,16514;1,45318
1,16514;1,45318
1,16514;1,45318
1,16514;1,45318
1,16514;1,45318
1,16514;1,45318
1,16514;1,45318
1,16514;1,45318
1,16514;1,45318
1,16514;1,45318
1,16514;1,45318
1,16514;1,45318
1,16514;1,45318
1,16514;1,45318
1,16514;1,45318
1,16514;1,45318
1,20817;1,454682
1,20817;1,454682
1,20817;1,454682
1,20817;1,454682
1,20817;1,454682
1,251208;1,455884
1,251208;1,455884
1,251208;1,455884
1,251208;1,455884
1,293045;1,500125
1,293045;1,500125
1,293045;1,500125
1,334882;1,544366
1,334882;1,544366
1,334882;1,544366
1,334882;1,544366
1,334882;1,544366
1,374668;1,590459
1,374668;1,590459
1,374668;1,590459
1,374668;1,590459
1,410114;1,639969
1,410114;1,639969
1,410114;1,639969
1,410114;1,639969
1,440559;1,692701
1,440559;1,692701
1,440559;1,692701
1,465519;1,748239
1,465519;1,748239
1,465519;1,748239
1,465519;1,748239
1,487736;1,804931
1,487736;1,804931
1,487736;1,804931
1,46995;1,844141
1,46995;1,844141
1,46995;1,844141
1,46995;1,844141
1,46995;1,844141
1,452163;1,883351
1,452163;1,883351
1,452163;1,883351
1,452163;1,883351
1,433695;1,922245
1,433695;1,922245
1,433695;1,922245
1,433695;1,922245
1,433695;1,922245
1,414551;1,96081
1,414551;1,96081
1,414551;1,96081
1,414551;1,96081
1,393285;1,998247
1,393285;1,998247
1,393285;1,998247
1,393285;1,998247
1,370724;2,034918
1,370724;2,034918
1,370724;2,034918
1,346773;2,070697
1,346773;2,070697
1,346773;2,070697
1,346773;2,070697
1,321587;2,105618
1,321587;2,105618
1,321587;2,105618
1,321587;2,105618
1,321587;2,105618
1,294608;2,139172
1,294608;2,139172
1,294608;2,139172
1,266361;2,171667
1,266361;2,171667
1,266361;2,171667
1,237108;2,203258
1,237108;2,203258
1,237108;2,203258
1,237108;2,203258
1,207307;2,234334
1,207307;2,234334
1,207307;2,234334
1,207307;2,234334
1,176545;2,264458
1,176545;2,264458
1,176545;2,264458
1,176545;2,264458
1,145056;2,293822
1,145056;2,293822
1,145056;2,293822
1,145056;2,293822
1,084274;2,290211
1,084274;2,290211
1,084274;2,290211
1,084274;2,290211
1,023635;2,284693
1,023635;2,284693
1,023635;2,284693
1,023635;2,284693
1,023635;2,284693
0,9633083;2,276429
0,9633083;2,276429
0,9633083;2,276429
0,9033808;2,265647
0,9033808;2,265647
0,9033808;2,265647
0,9033808;2,265647
0,8437778;2,253195
0,8437778;2,253195
0,8437778;2,253195
0,8437778;2,253195
0,8437778;2,253195
0,7844968;2,239291
0,7844968;2,239291
0,7844968;2,239291
0,72585;2,222917
0,72585;2,222917
0,72585;2,222917
0,72585;2,222917
0,6676208;2,205114
0,6676208;2,205114
0,6676208;2,205114
0,6099795;2,185492
0,6099795;2,185492
0,6099795;2,185492
0,5526178;2,165066
0,5526178;2,165066
0,5526178;2,165066
0,5526178;2,165066
0,4954731;2,144041
0,4954731;2,144041
0,4954731;2,144041
0,4954731;2,144041
0,4954731;2,144041
0,4389378;2,121429
0,4389378;2,121429
0,4389378;2,121429
0,383399;2,096469
0,383399;2,096469
0,383399;2,096469
0,3294382;2,068259
0,3294382;2,068259
0,3294382;2,068259
0,3294382;2,068259
0,2773553;2,036716
0,2773553;2,036716
0,2773553;2,036716
0,2773553;2,036716
0,2773553;2,036716
0,2352096;2,045521
0,2352096;2,045521
0,2352096;2,045521
0,192757;2,052702
0,192757;2,052702
0,192757;2,052702
0,192757;2,052702
0,192757;2,052702
0,1499373;2,057202
0,1499373;2,057202
0,1499373;2,057202
0,1069764;2,060056
0,1069764;2,060056
0,1069764;2,060056
0,1069764;2,060056
0,1069764;2,060056
0,06398802;2,062459
0,06398802;2,062459
0,06398802;2,062459
0,06398802;2,062459
0,0209419;2,061558
0,0209419;2,061558
0,0209419;2,061558
0,0209419;2,061558
0,0209419;2,061558
-0,02197498;2,058105
-0,02197498;2,058105
-0,02197498;2,058105
-0,02197498;2,058105
-0,02197498;2,058105
-0,06405817;2,049006
-0,06405817;2,049006
-0,06405817;2,049006
-0,1054458;2,037139
-0,1054458;2,037139
-0,1054458;2,037139
-0,1054458;2,037139
-0,1054458;2,037139
-0,1456417;2,021709
-0,1456417;2,021709
-0,1456417;2,021709
-0,1842737;2,0027
-0,1842737;2,0027
-0,1842737;2,0027
-0,1842737;2,0027
-0,1842737;2,0027
-0,2217103;1,981433
-0,2217103;1,981433
-0,2217103;1,981433
-0,2217103;1,981433
-0,2579014;1,95811
-0,2579014;1,95811
-0,2579014;1,95811
-0,2579014;1,95811
-0,2935961;1,934033
-0,2935961;1,934033
-0,2935961;1,934033
-0,2935961;1,934033
-0,3282514;1,908483
-0,3282514;1,908483
-0,3282514;1,908483
-0,3282514;1,908483
-0,3282514;1,908483
-0,3624554;1,882333
-0,3624554;1,882333
-0,3624554;1,882333
-0,3624554;1,882333
-0,3624554;1,882333
-0,3961043;1,855471
-0,3961043;1,855471
-0,3961043;1,855471
-0,3961043;1,855471
-0,3961043;1,855471
-0,4286972;1,827338
-0,4286972;1,827338
-0,4286972;1,827338
-0,4602884;1,798084
-0,4602884;1,798084
-0,4602884;1,798084
-0,4602884;1,798084
-0,4602884;1,798084
-0,4918796;1,768831
-0,4918796;1,768831
-0,4918796;1,768831
-0,4918796;1,768831
-0,4918796;1,768831
-0,5234708;1,739577
-0,5234708;1,739577
-0,5234708;1,739577
-0,5234708;1,739577
-0,5234708;1,739577
-0,5550621;1,710323
-0,5550621;1,710323
-0,5550621;1,710323
-0,5550621;1,710323
-0,5866533;1,68107
-0,5866533;1,68107
-0,5866533;1,68107
-0,5866533;1,68107
-0,6182445;1,651816
-0,6182445;1,651816
-0,6182445;1,651816
-0,6182445;1,651816
-0,6182445;1,651816
-0,6182445;1,651816
-0,6498358;1,622563
-0,6498358;1,622563
-0,6498358;1,622563
-0,6498358;1,622563
-0,681427;1,593309
-0,681427;1,593309
-0,681427;1,593309
-0,681427;1,593309
-0,7130182;1,564055
-0,7130182;1,564055
-0,7130182;1,564055
-0,7130182;1,564055
-0,7130182;1,564055
-0,7446095;1,534802
-0,7446095;1,534802
-0,7446095;1,534802
-0,7762007;1,505548
-0,7762007;1,505548
-0,7762007;1,505548
-0,7762007;1,505548
-0,7762007;1,505548
-0,8077919;1,476295
-0,8077919;1,476295
-0,8077919;1,476295
-0,8077919;1,476295
-0,8393832;1,447041
-0,8393832;1,447041
-0,8393832;1,447041
-0,8393832;1,447041
-0,900228;1,449379
-0,900228;1,449379
-0,900228;1,449379
-0,900228;1,449379
-0,9610729;1,451716
-0,9610729;1,451716
-0,9610729;1,451716
-0,9610729;1,451716
-0,9610729;1,451716
-1,021918;1,454054
-1,021918;1,454054
-1,021918;1,454054
-1,021918;1,454054
-1,082763;1,456391
-1,082763;1,456391
-1,082763;1,456391
-1,082763;1,456391
-1,143607;1,458729
-1,143607;1,458729
-1,143607;1,458729
-1,143607;1,458729
-1,204452;1,461066
-1,204452;1,461066
-1,204452;1,461066
-1,265297;1,463404
-1,265297;1,463404
-1,265297;1,463404
-1,265297;1,463404
-1,265297;1,463404
-1,326142;1,465742
-1,326142;1,465742
-1,326142;1,465742
-1,386987;1,468079
-1,386987;1,468079
-1,386987;1,468079
-1,386987;1,468079
-1,386987;1,468079
-1,447832;1,470417
-1,447832;1,470417
-1,447832;1,470417
-1,447832;1,470417
-1,508677;1,472754
-1,508677;1,472754
-1,508677;1,472754
-1,508677;1,472754
-1,569522;1,475092
-1,569522;1,475092
-1,569522;1,475092
-1,569522;1,475092
-1,630367;1,47743
-1,630367;1,47743
-1,630367;1,47743
-1,630367;1,47743
-1,630367;1,47743
-1,691212;1,479767
-1,691212;1,479767
-1,691212;1,479767
-1,752056;1,482105
-1,752056;1,482105
-1,752056;1,482105
-1,752056;1,482105
-1,812901;1,484442
-1,812901;1,484442
-1,812901;1,484442
-1,812901;1,484442
-1,812901;1,484442
-1,873746;1,48678
-1,873746;1,48678
-1,873746;1,48678
-1,934591;1,489117
-1,934591;1,489117
-1,934591;1,489117
-1,966182;1,459864
-1,966182;1,459864
-1,966182;1,459864
-1,966182;1,459864
-1,966182;1,459864
-1,997773;1,43061
-1,997773;1,43061
-1,997773;1,43061
-2,029365;1,401357
-2,029365;1,401357
-2,029365;1,401357
-2,029365;1,401357
-2,060956;1,372103
-2,060956;1,372103
-2,060956;1,372103
-2,060956;1,372103
-2,060956;1,372103
-2,092547;1,342849
-2,092547;1,342849
-2,092547;1,342849
-2,122348;1,311774
-2,122348;1,311774
-2,122348;1,311774
-2,122348;1,311774
-2,148379;1,277479
-2,148379;1,277479
-2,148379;1,277479
-2,166166;1,238269
-2,166166;1,238269
-2,166166;1,238269
-2,175265;1,196186
-2,175265;1,196186
-2,175265;1,196186
-2,175265;1,196186
-2,179317;1,153321
-2,179317;1,153321
-2,179317;1,153321
-2,178715;1,11027
-2,178715;1,11027
-2,178715;1,11027
-2,175712;1,067319
-2,175712;1,067319
-2,175712;1,067319
-2,169869;1,024662
-2,169869;1,024662
-2,169869;1,024662
-2,169869;1,024662
-2,160477;0,9826432
-2,160477;0,9826432
-2,160477;0,9826432
-2,148032;0,9414253
-2,148032;0,9414253
-2,148032;0,9414253
-2,148032;0,9414253
-2,131348;0,9017339
-2,131348;0,9017339
-2,131348;0,9017339
-2,131348;0,9017339
-2,131348;0,9017339
-2,112474;0,8630358
-2,112474;0,8630358
-2,112474;0,8630358
-2,112474;0,8630358
-2,0936;0,8243377
-2,0936;0,8243377
-2,0936;0,8243377
-2,0936;0,8243377
-2,074725;0,7856395
-2,074725;0,7856395
-2,074725;0,7856395
-2,055851;0,7469414
-2,055851;0,7469414
-2,055851;0,7469414
-2,036977;0,7082433
-2,036977;0,7082433
-2,036977;0,7082433
-2,036977;0,7082433
-2,018103;0,6695451
-2,018103;0,6695451
-2,018103;0,6695451
-1,999229;0,630847
-1,999229;0,630847
-1,999229;0,630847
-1,999229;0,630847
-1,980355;0,5921488
-1,980355;0,5921488
-1,980355;0,5921488
-1,961345;0,5535169
-1,961345;0,5535169
-1,961345;0,5535169
-1,942471;0,5148187
-1,942471;0,5148187
-1,942471;0,5148187
-1,942471;0,5148187
-1,924139;0,4758609
-1,924139;0,4758609
-1,924139;0,4758609
-1,906079;0,436776
-1,906079;0,436776
-1,906079;0,436776
-1,906079;0,436776
-1,906079;0,436776
-1,88802;0,3976911
-1,88802;0,3976911
-1,88802;0,3976911
-1,830875;0,3766659
-1,830875;0,3766659
-1,830875;0,3766659
-1,773585;0,3560401
-1,773585;0,3560401
-1,773585;0,3560401
-1,773585;0,3560401
-1,715675;0,337224
-1,715675;0,337224
-1,715675;0,337224
-1,656493;0,3229062
-1,656493;0,3229062
-1,656493;0,3229062
-1,596226;0,3142214
-1,596226;0,3142214
-1,596226;0,3142214
-1,596226;0,3142214
-1,535516;0,3095498
-1,535516;0,3095498
-1,535516;0,3095498
-1,474733;0,3059385
-1,474733;0,3059385
-1,474733;0,3059385
-1,474733;0,3059385
-1,41388;0,3038133
-1,41388;0,3038133
-1,41388;0,3038133
-1,41388;0,3038133
-1,41388;0,3038133
-1,353004;0,3025379
-1,353004;0,3025379
-1,353004;0,3025379
-1,323203;0,2714621
-1,323203;0,2714621
-1,323203;0,2714621
-1,293403;0,2403862
-1,293403;0,2403862
-1,293403;0,2403862
-1,293403;0,2403862
-1,263602;0,2093104
-1,263602;0,2093104
-1,263602;0,2093104
-1,233802;0,1782345
-1,233802;0,1782345
-1,233802;0,1782345
-1,204219;0,1469513
-1,204219;0,1469513
-1,204219;0,1469513
-1,204219;0,1469513
-1,204219;0,1469513
-1,174855;0,1154624
-1,174855;0,1154624
-1,174855;0,1154624
-1,145712;0,08376926
-1,145712;0,08376926
-1,145712;0,08376926
-1,145712;0,08376926
-1,116569;0,05207612
-1,116569;0,05207612
-1,116569;0,05207612
-1,116569;0,05207612
-1,116569;0,05207612
-1,087426;0,02038299
-1,087426;0,02038299
-1,087426;0,02038299
-1,058282;-0,01131015
-1,058282;-0,01131015
-1,058282;-0,01131015
-1,058282;-0,01131015
-1,058282;-0,01131015
-1,0287;-0,04259331
-1,0287;-0,04259331
-1,0287;-0,04259331
-1,0287;-0,04259331
-0,9977281;-0,07250229
-0,9977281;-0,07250229
-0,9977281;-0,07250229
-0,9658324;-0,1014237
-0,9658324;-0,1014237
-0,9658324;-0,1014237
-0,9658324;-0,1014237
-0,9658324;-0,1014237
-0,9325621;-0,1287525
-0,9325621;-0,1287525
-0,9325621;-0,1287525
-0,8977295;-0,15406
-0,8977295;-0,15406
-0,8977295;-0,15406
-0,8977295;-0,15406
-0,8608237;-0,1762354
-0,8608237;-0,1762354
-0,8608237;-0,1762354
-0,8608237;-0,1762354
-0,8608237;-0,1762354
-0,8223255;-0,195514
-0,8223255;-0,195514
-0,8223255;-0,195514
-0,7821297;-0,2109439
-0,7821297;-0,2109439
-0,7821297;-0,2109439
-0,7821297;-0,2109439
-0,7821297;-0,2109439
-0,7276848;-0,1836801
-0,7276848;-0,1836801
-0,7276848;-0,1836801
-0,6734315;-0,1560369
-0,6734315;-0,1560369
-0,6734315;-0,1560369
-0,6734315;-0,1560369
-0,6199713;-0,1268896
-0,6199713;-0,1268896
-0,6199713;-0,1268896
-0,6199713;-0,1268896
-0,566511;-0,09774239
-0,566511;-0,09774239
-0,566511;-0,09774239
-0,566511;-0,09774239
-0,5130508;-0,06859513
-0,5130508;-0,06859513
-0,5130508;-0,06859513
-0,5130508;-0,06859513
-0,5130508;-0,06859513
-0,4595906;-0,03944787
-0,4595906;-0,03944787
-0,4595906;-0,03944787
-0,4061303;-0,01030061
-0,4061303;-0,01030061
-0,4061303;-0,01030061
-0,4061303;-0,01030061
-0,3526701;0,01884665
-0,3526701;0,01884665
-0,3526701;0,01884665
-0,3526701;0,01884665
-0,3113663;0,006690159
-0,3113663;0,006690159
-0,3113663;0,006690159
-0,3113663;0,006690159
-0,2700626;-0,005466335
-0,2700626;-0,005466335
-0,2700626;-0,005466335
-0,2700626;-0,005466335
-0,2700626;-0,005466335
-0,2287588;-0,01762283
-0,2287588;-0,01762283
-0,2287588;-0,01762283
-0,2287588;-0,01762283
-0,2287588;-0,01762283
-0,2287588;-0,01762283
-0,2287588;-0,01762283
-0,2287588;-0,01762283
-0,2287588;-0,01762283
-0,2287588;-0,01762283
-0,2287588;-0,01762283
-0,2287588;-0,01762283
-0,2287588;-0,01762283
-0,2287588;-0,01762283
-0,2287588;-0,01762283
-0,2287588;-0,01762283
-0,2287588;-0,01762283
-0,2287588;-0,01762283
-0,2287588;-0,01762283
-0,2287588;-0,01762283
-0,2287588;-0,01762283
-0,2287588;-0,01762283
-0,2287588;-0,01762283
-0,2287588;-0,01762283
-0,2287588;-0,01762283
-0,2287588;-0,01762283
-0,2287588;-0,01762283
-0,2287588;-0,01762283
-0,2287588;-0,01762283
-0,2287588;-0,01762283
-0,2287588;-0,01762283
-0,2287588;-0,01762283
-0,2287588;-0,01762283
-0,2287588;-0,01762283
-0,2287588;-0,01762283
-0,2287588;-0,01762283
-0,2287588;-0,01762283
-0,2287588;-0,01762283
-0,2287588;-0,01762283
-0,2287588;-0,01762283
-0,2287588;-0,01762283
-0,2287588;-0,01762283
-0,2287588;-0,01762283
-0,2287588;-0,01762283
-0,2287588;-0,01762283
-0,2287588;-0,01762283
-0,2287588;-0,01762283
-0,2287588;-0,01762283
-0,2287588;-0,01762283
-0,2287588;-0,01762283
-0,2287588;-0,01762283
-0,2287588;-0,01762283
-0,2287588;-0,01762283
-0,2287588;-0,01762283
-0,2287588;-0,01762283
-0,2287588;-0,01762283
-0,2287588;-0,01762283
-0,2287588;-0,01762283
-0,2287588;-0,01762283
-0,2287588;-0,01762283
-0,2287588;-0,01762283
-0,2287588;-0,01762283
-0,2287588;-0,01762283
-0,2287588;-0,01762283
-0,2287588;-0,01762283
-0,2287588;-0,01762283
-0,2287588;-0,01762283
-0,2287588;-0,01762283
-0,2287588;-0,01762283
-0,2287588;-0,01762283
-0,2287588;-0,01762283
-0,2287588;-0,01762283
-0,2287588;-0,01762283
-0,2287588;-0,01762283
-0,2287588;-0,01762283
-0,2287588;-0,01762283
-0,2287588;-0,01762283
-0,2287588;-0,01762283
-0,2287588;-0,01762283
-0,2287588;-0,01762283
-0,2287588;-0,01762283
-0,2287588;-0,01762283
-0,2287588;-0,01762283
-0,2287588;-0,01762283
-0,2287588;-0,01762283
-0,2287588;-0,01762283
-0,2287588;-0,01762283
-0,2287588;-0,01762283
-0,2287588;-0,01762283
-0,2287588;-0,01762283
-0,2287588;-0,01762283
-0,2287588;-0,01762283
-0,2287588;-0,01762283
-0,2287588;-0,01762283
-0,2287588;-0,01762283
-0,2287588;-0,01762283
-0,2287588;-0,01762283
-0,2287588;-0,01762283
-0,2287588;-0,01762283
-0,2287588;-0,01762283
-0,2287588;-0,01762283
-0,2287588;-0,01762283
-0,2287588;-0,01762283
-0,2287588;-0,01762283
-0,2287588;-0,01762283
-0,2287588;-0,01762283
-0,2287588;-0,01762283
-0,2287588;-0,01762283
-0,2287588;-0,01762283
-0,2287588;-0,01762283
-0,2287588;-0,01762283
-0,2287588;-0,01762283
-0,2287588;-0,01762283
-0,2287588;-0,01762283
-0,2287588;-0,01762283
-0,1857161;-0,0186749
-0,1857161;-0,0186749
-0,1857161;-0,0186749
-0,1857161;-0,0186749
-0,1857161;-0,0186749
-0,1426923;-0,01702222
-0,1426923;-0,01702222
-0,1426923;-0,01702222
-0,1426923;-0,01702222
-0,1426923;-0,01702222
-0,09984222;-0,01282087
-0,09984222;-0,01282087
-0,09984222;-0,01282087
-0,09984222;-0,01282087
-0,09984222;-0,01282087
-0,05766604;-0,004163471
-0,05766604;-0,004163471
-0,05766604;-0,004163471
-0,01581769;0,005960577
-0,01581769;0,005960577
-0,01581769;0,005960577
-0,01581769;0,005960577
-0,01581769;0,005960577
0,02588523;0,01666793
0,02588523;0,01666793
0,02588523;0,01666793
0,02588523;0,01666793
0,02588523;0,01666793
0,06714638;0,02896828
0,06714638;0,02896828
0,06714638;0,02896828
0,06714638;0,02896828
0,1077574;0,04326954
0,1077574;0,04326954
0,1077574;0,04326954
0,1077574;0,04326954
0,1476213;0,05953756
0,1476213;0,05953756
0,1476213;0,05953756
0,1476213;0,05953756
0,1476213;0,05953756
0,1859841;0,07908425
0,1859841;0,07908425
0,1859841;0,07908425
0,1859841;0,07908425
0,2227343;0,1015165
0,2227343;0,1015165
0,2227343;0,1015165
0,2227343;0,1015165
0,2227343;0,1015165
0,2586792;0,1252176
0,2586792;0,1252176
0,2586792;0,1252176
0,2586792;0,1252176
0,2586792;0,1252176
0,2936001;0,1504032
0,2936001;0,1504032
0,2936001;0,1504032
0,2936001;0,1504032
0,2936001;0,1504032
0,3274357;0,177029
0,3274357;0,177029
0,3274357;0,177029
0,3274357;0,177029
0,3274357;0,177029
0,3608962;0,2041247
0,3608962;0,2041247
0,3608962;0,2041247
0,3608962;0,2041247
0,3608962;0,2041247
0,3943567;0,2312203
0,3943567;0,2312203
0,3943567;0,2312203
0,3943567;0,2312203
0,3943567;0,2312203
0,4278173;0,258316
0,4278173;0,258316
0,4278173;0,258316
0,4278173;0,258316
0,4278173;0,258316
0,4612778;0,2854116
0,4612778;0,2854116
0,4612778;0,2854116
0,4947383;0,3125072
0,4947383;0,3125072
0,4947383;0,3125072
0,4947383;0,3125072
0,4947383;0,3125072
0,5281988;0,3396029
0,5281988;0,3396029
0,5281988;0,3396029
0,5281988;0,3396029
0,5281988;0,3396029
0,5616594;0,3666985
0,5616594;0,3666985
0,5616594;0,3666985
0,5616594;0,3666985
0,5616594;0,3666985
0,59512;0,3937942
0,59512;0,3937942
0,59512;0,3937942
0,59512;0,3937942
0,59512;0,3937942
0,6556761;0,3874293
0,6556761;0,3874293
0,6556761;0,3874293
0,6556761;0,3874293
0,7162541;0,3812758
0,7162541;0,3812758
0,7162541;0,3812758
0,7162541;0,3812758
0,77701;0,3772402
0,77701;0,3772402
0,77701;0,3772402
0,77701;0,3772402
0,837827;0,3742656
0,837827;0,3742656
0,837827;0,3742656
0,837827;0,3742656
0,837827;0,3742656
0,8987135;0,3736278
0,8987135;0,3736278
0,8987135;0,3736278
0,8987135;0,3736278
0,8987135;0,3736278
0,9592471;0,3802037
0,9592471;0,3802037
0,9592471;0,3802037
1,018893;0,3924471
1,018893;0,3924471
1,018893;0,3924471
1,018893;0,3924471
1,077653;0,4084116
1,077653;0,4084116
1,077653;0,4084116
1,077653;0,4084116
1,135563;0,4272273
1,135563;0,4272273
1,135563;0,4272273
1,135563;0,4272273
1,192484;0,4488496
1,192484;0,4488496
1,192484;0,4488496
1,192484;0,4488496
1,192484;0,4488496
1,24886;0,471856
1,24886;0,471856
1,24886;0,471856
1,304223;0,4972031
1,304223;0,4972031
1,304223;0,4972031
1,304223;0,4972031
1,358668;0,5244669
1,358668;0,5244669
1,358668;0,5244669
1,412431;0,5530527
1,412431;0,5530527
1,412431;0,5530527
1,412431;0,5530527
1,412431;0,5530527
1,465374;0,5831286
1,465374;0,5831286
1,465374;0,5831286
1,518;0,6137572
1,518;0,6137572
1,518;0,6137572
1,518;0,6137572
1,518;0,6137572
1,570302;0,6449352
1,570302;0,6449352
1,570302;0,6449352
1,570302;0,6449352
1,570302;0,6449352
1,621484;0,6779195
1,621484;0,6779195
1,621484;0,6779195
1,621484;0,6779195
1,621484;0,6779195
1,671964;0,7119685
1,671964;0,7119685
1,671964;0,7119685
1,671964;0,7119685
1,721719;0,7470672
1,721719;0,7470672
1,721719;0,7470672
1,721719;0,7470672
1,770855;0,7830288
1,770855;0,7830288
1,770855;0,7830288
1,770855;0,7830288
1,819356;0,8198426
1,819356;0,8198426
1,819356;0,8198426
1,819356;0,8198426
1,824752;0,8625586
1,824752;0,8625586
1,824752;0,8625586
1,824752;0,8625586
1,824752;0,8625586
1,824752;0,8625586
1,824752;0,8625586
1,824752;0,8625586
1,824752;0,8625586
1,824752;0,8625586
1,824752;0,8625586
1,824752;0,8625586
1,824752;0,8625586
1,824752;0,8625586
1,824752;0,8625586
1,824752;0,8625586
1,824752;0,8625586
1,824752;0,8625586
1,824752;0,8625586
1,824752;0,8625586
1,824752;0,8625586
1,824752;0,8625586
1,824752;0,8625586
1,824752;0,8625586
1,824752;0,8625586
1,824752;0,8625586
1,824752;0,8625586
1,824752;0,8625586
1,824752;0,8625586
1,824752;0,8625586
1,824752;0,8625586
1,824752;0,8625586
1,824752;0,8625586
1,824752;0,8625586
1,824752;0,8625586
1,824752;0,8625586
1,781812;0,865712
1,781812;0,865712
1,781812;0,865712
1,738862;0,8687156
1,738862;0,8687156
1,738862;0,8687156
1,738862;0,8687156
1,695823;0,8699179
1,695823;0,8699179
1,695823;0,8699179
1,652768;0,8697678
1,652768;0,8697678
1,652768;0,8697678
1,609712;0,8696176
1,609712;0,8696176
1,609712;0,8696176
1,609712;0,8696176
1,609712;0,8696176
1,566657;0,8694675
1,566657;0,8694675
1,566657;0,8694675
1,566657;0,8694675
1,523602;0,8693174
1,523602;0,8693174
1,523602;0,8693174
1,480546;0,8691672
1,480546;0,8691672
1,480546;0,8691672
1,437491;0,8690171
1,437491;0,8690171
1,437491;0,8690171
1,437491;0,8690171
1,394436;0,8688669
1,394436;0,8688669
1,394436;0,8688669
1,394436;0,8688669
1,351381;0,8687168
1,351381;0,8687168
1,351381;0,8687168
1,351381;0,8687168
1,308325;0,8685666
1,308325;0,8685666
1,308325;0,8685666
1,308325;0,8685666
1,26527;0,8684165
1,26527;0,8684165
1,26527;0,8684165
1,26527;0,8684165
1,222065;0,9113216
1,222065;0,9113216
1,222065;0,9113216
1,222065;0,9113216
1,178859;0,9542268
1,178859;0,9542268
1,178859;0,9542268
1,178859;0,9542268
1,135654;0,9971319
1,135654;0,9971319
1,135654;0,9971319
1,135654;0,9971319
1,135504;1,040187
1,135504;1,040187
1,135504;1,040187
1,135504;1,040187
1,135353;1,083243
1,135353;1,083243
1,135353;1,083243
1,135353;1,083243
1,135203;1,126298
1,135203;1,126298
1,135203;1,126298
1,135203;1,126298
1,135053;1,169353
1,135053;1,169353
1,135053;1,169353
1,135053;1,169353
1,134903;1,212408
1,134903;1,212408
1,134903;1,212408
1,134903;1,212408
1,134753;1,255464
1,134753;1,255464
1,134753;1,255464
1,134602;1,298519
1,134602;1,298519
1,134602;1,298519
1,134602;1,298519
1,134602;1,298519
1,134452;1,341574
1,134452;1,341574
1,134452;1,341574
1,134452;1,341574
1,134452;1,341574
1,134452;1,341574
1,134452;1,341574
1,134452;1,341574
1,134452;1,341574
1,134452;1,341574
1,134452;1,341574
1,134452;1,341574
1,134452;1,341574
1,134452;1,341574
1,134452;1,341574
1,134452;1,341574
1,134452;1,341574
1,134452;1,341574
1,134452;1,341574
1,134452;1,341574
1,134452;1,341574
1,134452;1,341574
1,134452;1,341574
1,134452;1,341574
1,134452;1,341574
1,134452;1,341574
1,134452;1,341574
1,134452;1,341574
1,134452;1,341574
1,134452;1,341574
1,134452;1,341574
1,134452;1,341574
1,134452;1,341574
1,134452;1,341574
1,134452;1,341574
1,134452;1,341574
1,134452;1,341574
1,134452;1,341574
1,134452;1,341574
1,134452;1,341574
1,134452;1,341574
1,134452;1,341574
1,134452;1,341574
1,134452;1,341574
1,134452;1,341574
1,134452;1,341574
1,134452;1,341574
1,134452;1,341574
1,134452;1,341574
1,134452;1,341574
1,134452;1,341574
1,134452;1,341574
1,134452;1,341574
1,134452;1,341574
1,134452;1,341574
1,134452;1,341574
1,134452;1,341574
1,134452;1,341574
1,134452;1,341574
1,134452;1,341574
1,134452;1,341574
1,134452;1,341574
1,134452;1,341574
1,134452;1,341574
1,134452;1,341574
1,134452;1,341574
1,134452;1,341574
1,134452;1,341574
1,134452;1,341574
1,134452;1,341574
1,134302;1,38463
1,134302;1,38463
1,134302;1,38463
1,134302;1,38463
1,134302;1,38463
1,131749;1,427609
1,131749;1,427609
1,131749;1,427609
1,131749;1,427609
1,120896;1,469275
1,120896;1,469275
1,120896;1,469275
1,120896;1,469275
1,105466;1,50947
1,105466;1,50947
1,105466;1,50947
1,105466;1,50947
1,105466;1,50947
1,105466;1,50947
1,083809;1,546682
1,083809;1,546682
1,083809;1,546682
1,057539;1,580795
1,057539;1,580795
1,057539;1,580795
1,057539;1,580795
1,057539;1,580795
1,028065;1,612181
1,028065;1,612181
1,028065;1,612181
0,9953743;1,640201
0,9953743;1,640201
0,9953743;1,640201
0,9953743;1,640201
0,9605417;1,665508
0,9605417;1,665508
0,9605417;1,665508
0,9238702;1,688069
0,9238702;1,688069
0,9238702;1,688069
0,9238702;1,688069
0,9238702;1,688069
0,9054592;1,746109
0,9054592;1,746109
0,9054592;1,746109
0,8852341;1,803541
0,8852341;1,803541
0,8852341;1,803541
0,8852341;1,803541
0,8636119;1,860463
0,8636119;1,860463
0,8636119;1,860463
0,8636119;1,860463
0,8411971;1,917076
0,8411971;1,917076
0,8411971;1,917076
0,8411971;1,917076
0,8172103;1,973042
0,8172103;1,973042
0,8172103;1,973042
0,7928333;2,02884
0,7928333;2,02884
0,7928333;2,02884
0,7928333;2,02884
0,7928333;2,02884
0,7680674;2,084465
0,7680674;2,084465
0,7680674;2,084465
0,7680674;2,084465
0,7680674;2,084465
0,7433015;2,140091
0,7433015;2,140091
0,7433015;2,140091
0,7433015;2,140091
0,7433015;2,140091
0,7181478;2,195542
0,7181478;2,195542
0,7181478;2,195542
0,7181478;2,195542
0,6929942;2,250994
0,6929942;2,250994
0,6929942;2,250994
0,6929942;2,250994
0,6929942;2,250994
0,6678405;2,306445
0,6678405;2,306445
0,6678405;2,306445
0,6678405;2,306445
0,6678405;2,306445
0,6426869;2,361897
0,6426869;2,361897
0,6426869;2,361897
0,6175333;2,417348
0,6175333;2,417348
0,6175333;2,417348
0,6175333;2,417348
0,6175333;2,417348
0,5919932;2,472622
0,5919932;2,472622
0,5919932;2,472622
0,5651101;2,527256
0,5651101;2,527256
0,5651101;2,527256
0,5651101;2,527256
0,5370889;2,581315
0,5370889;2,581315
0,5370889;2,581315
0,5077553;2,634674
0,5077553;2,634674
0,5077553;2,634674
0,4760313;2,686646
0,4760313;2,686646
0,4760313;2,686646
0,4760313;2,686646
0,4414557;2,736767
0,4414557;2,736767
0,4414557;2,736767
0,3987396;2,742163
0,3987396;2,742163
0,3987396;2,742163
0,35592;2,746664
0,35592;2,746664
0,35592;2,746664
0,3129693;2,749667
0,3129693;2,749667
0,3129693;2,749667
0,3129693;2,749667
0,2699455;2,75132
0,2699455;2,75132
0,2699455;2,75132
0,2268994;2,752222
0,2268994;2,752222
0,2268994;2,752222
0,2268994;2,752222
0,1838567;2,751171
0,1838567;2,751171
0,1838567;2,751171
0,1408454;2,749218
0,1408454;2,749218
0,1408454;2,749218
0,09791675;2,745915
0,09791675;2,745915
0,09791675;2,745915
0,09791675;2,745915
0,05509704;2,741414
0,05509704;2,741414
0,05509704;2,741414
0,01234435;2,736316
0,01234435;2,736316
0,01234435;2,736316
-0,02531056;2,688466
-0,02531056;2,688466
-0,02531056;2,688466
-0,02531056;2,688466
-0,06296547;2,640616
-0,06296547;2,640616
-0,06296547;2,640616
-0,1006204;2,592765
-0,1006204;2,592765
-0,1006204;2,592765
-0,1382753;2,544915
-0,1382753;2,544915
-0,1382753;2,544915
-0,1757629;2,496933
-0,1757629;2,496933
-0,1757629;2,496933
-0,1757629;2,496933
-0,2149023;2,450289
-0,2149023;2,450289
-0,2149023;2,450289
-0,2127992;2,407285
-0,2127992;2,407285
-0,2127992;2,407285
-0,2127992;2,407285
-0,2127992;2,407285
-0,2149026;2,364281
-0,2149026;2,364281
-0,2149026;2,364281
-0,2213411;2,321709
-0,2213411;2,321709
-0,2213411;2,321709
-0,2213411;2,321709
-0,2286697;2,279282
-0,2286697;2,279282
-0,2286697;2,279282
-0,2286697;2,279282
-0,2286697;2,279282
-0,2286697;2,279282
-0,2286697;2,279282
-0,2286697;2,279282
-0,1863489;2,271362
-0,1863489;2,271362
-0,1863489;2,271362
-0,1863489;2,271362
-0,1863489;2,271362
-0,1442032;2,262557
-0,1442032;2,262557
-0,1442032;2,262557
-0,1442032;2,262557
-0,1021846;2,253164
-0,1021846;2,253164
-0,1021846;2,253164
-0,06033636;2,24304
-0,06033636;2,24304
-0,06033636;2,24304
-0,01867115;2,232187
-0,01867115;2,232187
-0,01867115;2,232187
-0,01867115;2,232187
0,02271646;2,220319
0,02271646;2,220319
0,02271646;2,220319
0,02271646;2,220319
0,06371087;2,207157
0,06371087;2,207157
0,06371087;2,207157
0,06371087;2,207157
0,104221;2,192572
0,104221;2,192572
0,104221;2,192572
0,1605164;2,215775
0,1605164;2,215775
0,1605164;2,215775
0,1605164;2,215775
0,1605164;2,215775
0,2174378;2,237397
0,2174378;2,237397
0,2174378;2,237397
0,2174378;2,237397
0,2763614;2,252746
0,2763614;2,252746
0,2763614;2,252746
0,2763614;2,252746
0,3008104;2,288186
0,3008104;2,288186
0,3008104;2,288186
0,3008104;2,288186
0,3258741;2,323195
0,3258741;2,323195
0,3258741;2,323195
0,3258741;2,323195
0,3543474;2,355491
0,3543474;2,355491
0,3543474;2,355491
0,3543474;2,355491
0,38338;2,387285
0,38338;2,387285
0,38338;2,387285
0,38338;2,387285
0,4130721;2,418465
0,4130721;2,418465
0,4130721;2,418465
0,4130721;2,418465
0,4130721;2,418465
0,4428728;2,449541
0,4428728;2,449541
0,4428728;2,449541
0,4732113;2,480092
0,4732113;2,480092
0,4732113;2,480092
0,4732113;2,480092
0,5035499;2,510643
0,5035499;2,510643
0,5035499;2,510643
0,5035499;2,510643
0,5341009;2,540981
0,5341009;2,540981
0,5341009;2,540981
0,5341009;2,540981
0,5949903;2,540768
0,5949903;2,540768
0,5949903;2,540768
0,5949903;2,540768
0,6558797;2,540555
0,6558797;2,540555
0,6558797;2,540555
0,6558797;2,540555
0,716769;2,540343
0,716769;2,540343
0,716769;2,540343
0,716769;2,540343
0,716769;2,540343
0,7776554;2,539705
0,7776554;2,539705
0,7776554;2,539705
0,7776554;2,539705
0,7776554;2,539705
0,838527;2,538217
0,838527;2,538217
0,838527;2,538217
0,838527;2,538217
0,899393;2,536517
0,899393;2,536517
0,899393;2,536517
0,899393;2,536517
0,9602526;2,534604
0,9602526;2,534604
0,9602526;2,534604
